City_ID,City,Cloudiness,Country,Date,Humidity,Lat,Lng,Max Temp,Wind Speed
0,Avarua,20,CK,2021-06-11 05:40:21,69,-21.2078,-159.775,75.25,5.75
1,Umtata,0,ZA,2021-06-11 05:41:09,87,-31.5889,28.7844,43.36,2.3
2,Avera,100,US,2021-06-11 05:41:09,88,33.194,-82.5271,77.72,6.22
3,Cidreira,88,BR,2021-06-11 05:40:42,92,-30.1811,-50.2056,59.95,13.24
4,Thompson,75,CA,2021-06-11 05:40:28,76,55.7435,-97.8558,55.56,8.05
5,Bengkulu,69,ID,2021-06-11 05:40:39,65,-3.8004,102.2655,84.31,6.55
6,Nachingwea,5,TZ,2021-06-11 05:41:10,66,-10.3833,38.7667,70.39,4.85
7,Hassan,100,IN,2021-06-11 05:41:10,62,13.0006,76.0994,75.79,15.73
8,Rikitea,100,PF,2021-06-11 05:40:06,74,-23.1203,-134.9692,73.35,18.84
9,Kodiak,90,US,2021-06-11 05:40:45,87,57.79,-152.4072,47.71,13.8
10,Punta Arenas,90,CL,2021-06-11 05:40:07,87,-53.15,-70.9167,37.51,5.75
11,Zhezkazgan,0,KZ,2021-06-11 05:41:11,32,47.8043,67.7144,77.77,9.46
12,San Patricio,91,US,2021-06-11 05:40:22,88,28.017,-97.5169,82.29,10.96
13,Mopti,80,ML,2021-06-11 05:41:11,49,14.6667,-4.0,86.36,15.93
14,Narsaq,100,GL,2021-06-11 05:41:11,93,60.9167,-46.05,39.42,2.75
15,Albany,7,US,2021-06-11 05:35:33,79,42.6001,-73.9662,58.95,4.32
16,Fairbanks,40,US,2021-06-11 05:38:11,51,64.8378,-147.7164,63.61,1.01
17,Ushuaia,75,AR,2021-06-11 05:37:15,60,-54.8,-68.3,40.66,11.5
18,Bethel,1,US,2021-06-11 05:39:13,76,41.3712,-73.414,61.11,3.44
19,Kapaa,75,US,2021-06-11 05:40:39,75,22.0752,-159.319,82.38,5.99
20,South Venice,90,US,2021-06-11 05:41:12,86,27.0531,-82.4243,82.98,0.0
21,Dingle,99,PH,2021-06-11 05:40:35,67,10.9995,122.6711,87.57,8.5
22,Abnub,0,EG,2021-06-11 05:41:13,18,27.2696,31.1511,80.82,11.12
23,Cururupu,100,BR,2021-06-11 05:38:33,99,-1.8283,-44.8683,72.32,4.47
24,Guerrero Negro,7,MX,2021-06-11 05:41:13,79,27.9769,-114.0611,62.15,17.98
25,Mandera,40,KE,2021-06-11 05:41:13,47,3.9366,41.867,81.99,20.49
26,Mecca,6,SA,2021-06-11 05:39:21,9,21.4267,39.8261,102.42,7.23
27,Sabla,67,NG,2021-06-11 05:41:14,48,12.7525,4.7077,85.28,8.25
28,Upernavik,0,GL,2021-06-11 05:40:38,86,72.7868,-56.1549,33.4,2.35
29,Byron Bay,75,AU,2021-06-11 05:37:16,56,-28.65,153.6167,66.31,4.47
30,Castro,100,BR,2021-06-11 05:40:47,97,-24.7911,-50.0119,58.14,5.84
31,Ibra,2,OM,2021-06-11 05:41:14,30,22.6906,58.5334,99.43,2.91
32,Half Moon Bay,20,US,2021-06-11 05:40:25,79,37.4636,-122.4286,58.41,8.05
33,Busselton,98,AU,2021-06-11 05:40:10,67,-33.65,115.3333,63.05,4.54
34,Barrow,90,US,2021-06-11 05:40:46,93,71.2906,-156.7887,32.02,8.05
35,Plastunovskaya,2,RU,2021-06-11 05:41:15,67,45.2939,39.2669,68.9,4.92
36,Hithadhoo,99,MV,2021-06-11 05:40:40,74,-0.6,73.0833,83.46,11.18
37,Nefteyugansk,74,RU,2021-06-11 05:41:16,37,61.0998,72.6035,64.65,10.22
38,Mount Gambier,0,AU,2021-06-11 05:40:43,63,-37.8333,140.7667,60.71,9.22
39,Hilo,90,US,2021-06-11 05:40:07,82,19.7297,-155.09,74.93,6.91
40,Carnarvon,45,AU,2021-06-11 05:41:16,57,-24.8667,113.6333,75.27,12.66
41,Tecpan,100,GT,2021-06-11 05:41:17,96,14.7623,-90.9947,54.72,1.74
42,Nikolskoye,99,RU,2021-06-11 05:40:24,53,59.7035,30.7861,66.4,1.97
43,Cape Town,0,ZA,2021-06-11 05:36:58,100,-33.9258,18.4232,63.12,3.44
44,Mataura,71,NZ,2021-06-11 05:40:11,98,-46.1927,168.8643,41.05,1.23
45,Ponta Do Sol,1,PT,2021-06-11 05:40:33,40,32.6667,-17.1,74.03,3.78
46,Esna,0,EG,2021-06-11 05:41:17,15,25.2934,32.554,89.62,10.22
47,Puerto Ayora,76,EC,2021-06-11 05:40:32,94,-0.7393,-90.3518,73.54,5.99
48,Sao Joao Da Barra,8,BR,2021-06-11 05:39:03,90,-21.6403,-41.0511,69.8,5.73
49,Bondo,83,CD,2021-06-11 05:41:18,67,3.8146,23.6866,77.76,0.27
50,Wanning,100,CN,2021-06-11 05:41:18,82,18.8003,110.3967,83.93,8.23
51,Ekuvukeni,0,ZA,2021-06-11 05:41:19,71,-28.4675,30.1551,49.75,1.68
52,Constitucion,91,CL,2021-06-11 05:40:20,82,-35.3333,-72.4167,51.03,7.25
53,Norman Wells,40,CA,2021-06-11 05:41:19,40,65.282,-126.8329,69.84,14.97
54,Berdigestyakh,38,RU,2021-06-11 05:41:19,24,62.0989,126.6992,72.14,6.15
55,Itoman,75,JP,2021-06-11 05:41:20,76,26.1247,127.6694,88.18,9.22
56,Klaksvik,53,FO,2021-06-11 05:40:23,85,62.2266,-6.589,49.12,19.35
57,Clyde River,1,CA,2021-06-11 05:40:46,80,70.4692,-68.5914,35.83,24.16
58,Hobart,75,AU,2021-06-11 05:36:25,96,-42.8794,147.3294,56.26,3.0
59,Chuy,3,UY,2021-06-11 05:40:41,93,-33.6971,-53.4616,49.5,7.67
60,Luga,89,RU,2021-06-11 05:41:20,55,58.7372,29.8453,66.0,3.27
61,Moerai,100,PF,2021-06-11 05:41:21,76,-22.4333,-151.3333,75.6,17.54
62,Cherskiy,73,RU,2021-06-11 05:41:21,58,68.75,161.3,44.62,15.95
63,Cabo San Lucas,88,MX,2021-06-11 05:40:04,63,22.8909,-109.9124,84.81,7.29
64,Russell,75,US,2021-06-11 05:41:21,93,32.3502,-85.1999,74.48,0.0
65,Georgetown,20,MY,2021-06-11 05:40:29,62,5.4112,100.3354,89.55,3.44
66,Wloszczowa,27,PL,2021-06-11 05:41:22,70,50.8526,19.9659,67.21,5.01
67,Laurel,90,US,2021-06-11 05:41:22,93,39.0993,-76.8483,69.76,1.01
68,Eyl,29,SO,2021-06-11 05:41:22,47,7.9803,49.8164,86.36,32.14
69,Qaanaaq,23,GL,2021-06-11 05:40:37,65,77.484,-69.3632,34.75,9.19
70,Maragogi,53,BR,2021-06-11 05:41:23,80,-9.0122,-35.2225,72.86,2.71
71,Tarragona,0,ES,2021-06-11 05:41:23,57,41.129,1.249,72.43,5.75
72,Tulu Bolo,12,ET,2021-06-11 05:41:24,60,8.6667,38.2167,66.61,5.14
73,Brae,100,GB,2021-06-11 05:41:24,92,60.3964,-1.353,53.51,20.87
74,Jamestown,1,US,2021-06-11 05:38:13,73,42.097,-79.2353,69.44,1.99
75,Kodinsk,33,RU,2021-06-11 05:41:24,28,58.6881,99.1844,58.3,6.29
76,Podor,13,MR,2021-06-11 05:41:25,65,16.6527,-14.9587,76.44,11.14
77,Ghazipur,97,IN,2021-06-11 05:41:25,36,25.5833,83.5667,100.13,3.29
78,De Panne,90,BE,2021-06-11 05:41:25,97,51.0792,2.5917,59.22,5.75
79,Manokwari,98,ID,2021-06-11 05:41:25,74,-0.8667,134.0833,82.24,11.25
80,Saskylakh,92,RU,2021-06-11 05:41:26,52,71.9167,114.0833,58.1,3.69
81,Pandan Niog,98,PH,2021-06-11 05:41:26,72,6.2282,120.5631,83.32,3.53
82,Iralaya,100,HN,2021-06-11 05:41:26,86,15.0,-83.2333,79.65,7.65
83,Port Lincoln,100,AU,2021-06-11 05:40:41,64,-34.7333,135.8667,57.49,4.12
84,Necochea,23,AR,2021-06-11 05:40:49,74,-38.5473,-58.7368,44.53,9.42
85,Huarmey,38,PE,2021-06-11 05:41:27,88,-10.0681,-78.1522,64.51,10.54
86,Hamilton,75,US,2021-06-11 05:39:45,95,39.1834,-84.5333,74.77,0.0
87,Altay,100,CN,2021-06-11 05:41:27,47,47.8667,88.1167,70.81,8.88
88,The Valley,99,AI,2021-06-11 05:41:28,80,18.217,-63.0578,80.46,10.65
89,Griffith,1,US,2021-06-11 05:41:28,86,41.5284,-87.4237,75.31,0.0
90,Saint-Philippe,84,RE,2021-06-11 05:40:08,83,-21.3585,55.7679,75.47,16.55
91,Marawi,100,PH,2021-06-11 05:41:28,88,7.9986,124.2928,80.65,3.22
92,Lompoc,1,US,2021-06-11 05:41:29,75,34.6391,-120.4579,57.56,9.22
93,Tasiilaq,100,GL,2021-06-11 05:40:33,93,65.6145,-37.6368,37.56,8.81
94,Aklavik,92,CA,2021-06-11 05:41:29,46,68.2191,-135.0107,72.32,4.09
95,Omboue,63,GA,2021-06-11 05:41:29,92,-1.5746,9.2618,75.07,4.16
96,Pisco,90,PE,2021-06-11 05:41:30,77,-13.7,-76.2167,66.25,1.14
97,Sinnamary,68,GF,2021-06-11 05:41:30,86,5.3833,-52.95,76.98,7.45
98,Voh,100,NC,2021-06-11 05:41:30,63,-20.9667,164.7,75.6,4.21
99,Mahebourg,75,MU,2021-06-11 05:40:44,78,-20.4081,57.7,77.25,14.97
100,Sur,2,OM,2021-06-11 05:41:31,53,22.5667,59.5289,94.96,4.16
101,Ketchikan,75,US,2021-06-11 05:35:53,71,55.3422,-131.6461,54.07,5.75
102,Tsabong,0,BW,2021-06-11 05:41:31,55,-26.0217,22.401,55.31,12.26
103,Salalah,75,OM,2021-06-11 05:41:31,74,17.0151,54.0924,87.89,8.05
104,Mount Isa,1,AU,2021-06-11 05:40:42,15,-20.7333,139.5,71.37,5.75
105,Pierre,1,US,2021-06-11 05:41:32,61,44.3683,-100.351,85.98,13.8
106,Arraial Do Cabo,36,BR,2021-06-11 05:41:32,87,-22.9661,-42.0278,71.56,20.29
107,Kupang,75,ID,2021-06-11 05:41:32,62,-10.1667,123.5833,86.58,19.57
108,Hinton,100,CA,2021-06-11 05:41:33,90,53.4001,-117.5857,46.44,2.33
109,Hit,0,IQ,2021-06-11 05:41:33,18,33.6416,42.8251,87.75,20.83
110,Bambous Virieux,75,MU,2021-06-11 05:40:25,78,-20.3428,57.7575,77.22,14.97
111,Ribeira Grande,23,PT,2021-06-11 05:40:47,94,38.5167,-28.7,66.13,0.92
112,Lorengau,93,PG,2021-06-11 05:41:33,77,-2.0226,147.2712,83.55,12.08
113,Port-Gentil,40,GA,2021-06-11 05:41:34,89,-0.7193,8.7815,78.76,6.91
114,Luderitz,25,NA,2021-06-11 05:40:34,48,-26.6481,15.1594,57.9,2.86
115,Wilmington,40,US,2021-06-11 05:38:48,91,34.2257,-77.9447,77.97,0.0
116,Maldonado,18,UY,2021-06-11 05:41:34,82,-34.6667,-54.9167,53.22,7.38
117,Luzhou,100,CN,2021-06-11 05:41:35,57,28.8724,105.4405,85.26,0.94
118,Indiaroba,56,BR,2021-06-11 05:41:35,93,-11.5192,-37.5117,70.09,1.25
119,Kavieng,98,PG,2021-06-11 05:40:50,73,-2.5744,150.7967,84.76,15.41
120,Leningradskiy,99,RU,2021-06-11 05:41:35,90,69.3833,178.4167,34.02,7.99
121,Vaini,40,TO,2021-06-11 05:40:17,78,-21.2,-175.2,73.56,10.36
122,Hovd,98,MN,2021-06-11 05:41:36,30,48.0056,91.6419,71.42,7.07
123,Butaritari,43,KI,2021-06-11 05:40:48,75,3.0707,172.7902,83.21,11.07
124,Inta,98,RU,2021-06-11 05:41:36,36,66.0317,60.1659,70.36,19.22
125,Kovur,100,IN,2021-06-11 05:41:36,36,14.4833,79.9833,95.92,18.3
126,Kingman,1,US,2021-06-11 05:41:37,7,35.1894,-114.053,71.08,6.91
127,Khani,97,GE,2021-06-11 05:41:37,68,41.9563,42.9566,58.57,4.27
128,Jagalur,96,IN,2021-06-11 05:41:37,48,14.5333,76.35,84.18,20.54
129,Sitka,75,US,2021-06-11 05:40:34,82,57.0531,-135.33,51.69,3.44
130,Kintampo,93,GH,2021-06-11 05:41:38,89,8.0563,-1.7306,70.93,3.4
131,Ambovombe,3,MG,2021-06-11 05:41:38,72,-25.1667,46.0833,68.68,6.02
132,Talnakh,100,RU,2021-06-11 05:41:38,100,69.4865,88.3972,34.09,13.29
133,Ozernovskiy,100,RU,2021-06-11 05:41:39,86,51.5,156.5167,45.66,6.04
134,Sirajganj,99,BD,2021-06-11 05:41:39,80,24.45,89.7167,82.96,19.22
135,Itaueira,43,BR,2021-06-11 05:41:39,51,-7.6033,-43.0256,73.09,7.87
136,Sechura,68,PE,2021-06-11 05:41:40,80,-5.5569,-80.8222,66.65,13.91
137,Lichuan,77,CN,2021-06-11 05:41:40,80,30.3,108.85,73.85,3.36
138,Faanui,2,PF,2021-06-11 05:41:40,72,-16.4833,-151.75,80.94,3.85
139,Santa Cruz,75,BO,2021-06-11 05:41:41,77,-17.8,-63.1667,65.66,11.5
140,Port Elizabeth,0,ZA,2021-06-11 05:38:16,81,-33.918,25.5701,48.49,2.3
141,Axim,100,GH,2021-06-11 05:41:41,87,4.8699,-2.2405,77.41,7.45
142,Provideniya,75,RU,2021-06-11 05:41:41,75,64.3833,-173.3,37.51,13.42
143,Airai,94,TL,2021-06-11 05:41:42,82,-8.9266,125.4092,65.25,2.51
144,Iqaluit,40,CA,2021-06-11 05:40:19,86,63.7506,-68.5145,31.73,17.0
145,Esperance,100,AU,2021-06-11 05:41:42,79,-33.8667,121.9,62.44,10.92
146,Beisfjord,100,NO,2021-06-11 05:41:42,71,68.3751,17.5988,66.04,4.27
147,Atuona,13,PF,2021-06-11 05:40:16,78,-9.8,-139.0333,79.11,10.51
148,Tiksi,100,RU,2021-06-11 05:40:25,49,71.6872,128.8694,51.28,7.63
149,Tres Arroyos,45,AR,2021-06-11 05:41:43,54,-38.3739,-60.2798,40.32,7.49
150,Kaitangata,71,NZ,2021-06-11 05:40:35,80,-46.2817,169.8464,48.92,2.04
151,Lodi,11,US,2021-06-11 05:41:43,54,38.1302,-121.2725,64.36,3.0
152,Chokurdakh,29,RU,2021-06-11 05:40:18,31,70.6333,147.9167,54.41,6.08
153,Port Blair,100,IN,2021-06-11 05:40:43,79,11.6667,92.75,84.33,17.92
154,Pacific Grove,1,US,2021-06-11 05:38:55,77,36.6177,-121.9166,58.68,1.01
155,Mega,57,ET,2021-06-11 05:41:44,71,4.05,38.3,61.05,15.82
156,Zhigansk,99,RU,2021-06-11 05:41:44,64,66.7697,123.3711,57.51,9.15
157,Bredasdorp,38,ZA,2021-06-11 05:40:51,93,-34.5322,20.0403,47.52,3.44
158,Shetpe,82,KZ,2021-06-11 05:41:45,35,44.1667,52.1167,80.19,8.97
159,Wellington,96,NZ,2021-06-11 05:41:45,81,-41.2866,174.7756,56.86,6.91
160,Port Alfred,32,ZA,2021-06-11 05:41:45,48,-33.5906,26.891,64.15,8.46
161,Vardo,0,NO,2021-06-11 05:41:45,55,70.3705,31.1107,68.2,19.57
162,Pevek,49,RU,2021-06-11 05:40:51,81,69.7008,170.3133,35.15,13.2
163,Mar Del Plata,0,AR,2021-06-11 05:41:46,62,-38.0023,-57.5575,46.13,5.01
164,Grindavik,90,IS,2021-06-11 05:41:46,87,63.8424,-22.4338,44.55,12.66
165,Bluff,56,NZ,2021-06-11 05:40:23,78,-46.6,168.3333,45.5,3.98
166,Ambikapur,53,IN,2021-06-11 05:41:47,45,23.1167,83.2,91.11,6.06
167,Prachuap Khiri Khan,100,TH,2021-06-11 05:41:47,87,12.2167,99.75,82.71,4.36
168,Jalu,79,LY,2021-06-11 05:41:47,52,29.0331,21.5482,74.44,11.9
169,Kirensk,95,RU,2021-06-11 05:41:48,63,57.7853,108.1119,59.61,2.95
170,Adrar,66,MR,2021-06-11 05:41:48,13,20.5022,-10.0711,92.44,8.61
171,Kalmunai,87,LK,2021-06-11 05:41:48,53,7.4167,81.8167,89.62,1.61
172,Sibolga,87,ID,2021-06-11 05:41:49,61,1.7427,98.7792,85.93,4.59
173,Leshukonskoye,22,RU,2021-06-11 05:41:49,32,64.8989,45.7622,74.8,7.31
174,Ternate,63,ID,2021-06-11 05:41:49,70,0.8,127.4,84.87,8.28
175,Da Nang,75,VN,2021-06-11 05:41:50,66,16.0678,108.2208,89.65,1.14
176,Landeck,99,AT,2021-06-11 05:41:50,82,47.1301,10.5636,59.32,0.51
177,Longyearbyen,75,SJ,2021-06-11 05:40:27,64,78.2186,15.6401,35.44,4.61
178,Iquitos,75,PE,2021-06-11 05:41:50,94,-3.7481,-73.2472,73.44,0.0
179,Severnyy,74,RU,2021-06-11 05:41:51,94,50.677,36.5532,62.64,4.47
180,East London,0,ZA,2021-06-11 05:40:24,51,-33.0153,27.9116,61.74,9.22
181,Loding,75,NO,2021-06-11 05:41:51,78,67.3,14.75,61.84,1.99
182,Isabela,100,PH,2021-06-11 05:41:51,83,6.7085,121.9711,86.05,2.59
183,Khatanga,100,RU,2021-06-11 05:40:38,66,71.9667,102.5,40.14,18.79
184,Rapid Valley,1,US,2021-06-11 05:41:52,45,44.0625,-103.1463,80.8,1.99
185,New Norfolk,100,AU,2021-06-11 05:40:50,81,-42.7826,147.0587,55.9,3.0
186,Pangody,100,RU,2021-06-11 05:41:52,71,65.85,74.4859,55.44,17.05
187,Boa Vista,90,BR,2021-06-11 05:41:53,94,2.8197,-60.6733,75.18,0.0
188,Mulege,35,MX,2021-06-11 05:41:53,41,26.8833,-111.9833,79.74,0.22
189,Grand Forks,1,US,2021-06-11 05:41:53,89,47.9417,-97.4337,75.78,6.91
190,Dourbali,50,TD,2021-06-11 05:41:53,40,11.8091,15.8632,87.89,16.22
191,Nizhnyaya Omka,83,RU,2021-06-11 05:41:54,54,55.4338,74.9426,60.85,7.09
192,Hobyo,54,SO,2021-06-11 05:41:54,65,5.3505,48.5268,82.78,22.82
193,Moose Factory,1,CA,2021-06-11 05:41:55,100,51.2585,-80.6094,37.4,3.44
194,Sidney,75,AU,2021-06-11 05:41:55,66,-33.8679,151.2073,60.1,1.01
195,Saint George,0,US,2021-06-11 05:41:55,16,37.1041,-113.5841,72.36,3.31
196,Roebourne,93,AU,2021-06-11 05:41:55,44,-20.7833,117.1333,81.45,7.58
197,Bull Savanna,96,JM,2021-06-11 05:41:56,86,17.8868,-77.5902,75.13,6.8
198,Meybod,0,IR,2021-06-11 05:41:56,9,32.2501,54.0166,91.42,12.12
199,Springbok,85,ZA,2021-06-11 05:41:56,41,-29.6643,17.8865,52.12,6.15
200,Neiafu,40,TO,2021-06-11 05:41:57,88,-18.65,-173.9833,74.08,9.22
201,Colares,64,PT,2021-06-11 05:41:57,79,38.7992,-9.4469,62.44,5.99
202,Mancheral,98,IN,2021-06-11 05:41:57,54,18.8667,79.4333,88.63,15.3
203,Saryg-Sep,100,RU,2021-06-11 05:41:58,52,51.5,95.6,62.24,6.82
204,Karasjok,100,NO,2021-06-11 05:41:58,60,69.4719,25.5112,66.31,21.27
205,Magistralnyy,100,RU,2021-06-11 05:41:58,60,56.1725,107.4458,57.65,5.84
206,Soe,93,ID,2021-06-11 05:41:58,83,-9.8607,124.284,70.54,6.8
207,Wajima,0,JP,2021-06-11 05:41:59,57,37.4,136.9,81.28,6.91
208,Havoysund,100,NO,2021-06-11 05:41:59,95,70.9963,24.6622,59.88,11.79
209,Verkhnevilyuysk,100,RU,2021-06-11 05:42:00,35,63.4453,120.3167,64.56,11.9
210,Bowen,53,AU,2021-06-11 05:42:00,49,-20.0167,148.2333,73.62,7.92
211,Saquena,95,PE,2021-06-11 05:42:00,84,-4.6667,-73.5167,75.76,1.92
212,Vilhena,95,BR,2021-06-11 05:42:01,59,-12.7406,-60.1458,73.24,1.7
213,Honiara,83,SB,2021-06-11 05:42:01,76,-9.4333,159.95,83.57,7.49
214,Mae Ramat,97,TH,2021-06-11 05:42:02,85,16.984,98.5166,86.32,6.15
215,Yellowknife,90,CA,2021-06-11 05:40:15,62,62.456,-114.3525,55.92,6.91
216,West Wendover,1,US,2021-06-11 05:42:03,30,40.7391,-114.0733,56.41,17.27
217,Xuddur,20,SO,2021-06-11 05:42:03,54,4.1213,43.8894,78.6,23.0
218,Itamaraca,89,BR,2021-06-11 05:42:04,83,-7.7478,-34.8256,72.28,7.78
219,Kruisfontein,45,ZA,2021-06-11 05:42:04,44,-34.0033,24.7314,59.94,8.59
220,Puerto Madryn,100,AR,2021-06-11 05:40:37,69,-42.7692,-65.0385,49.87,16.31
221,Namibe,0,AO,2021-06-11 05:42:05,54,-15.1961,12.1522,72.39,6.91
222,Lafiagi,50,NG,2021-06-11 05:42:05,88,8.8667,5.4167,75.45,3.4
223,Krasnoselkup,100,RU,2021-06-11 05:42:06,48,65.7,82.4667,53.98,20.11
224,Simpang,100,ID,2021-06-11 05:42:06,52,-1.2667,104.0833,91.49,3.15
225,Muros,2,ES,2021-06-11 05:40:36,77,42.7762,-9.0603,65.23,10.4
226,Boyolangu,47,ID,2021-06-11 05:42:06,71,-8.1181,111.8935,83.28,8.95
227,Banda Aceh,90,ID,2021-06-11 05:42:07,63,5.5577,95.3222,87.42,14.36
228,Papar,100,MY,2021-06-11 05:42:07,74,5.7333,115.9333,78.8,6.64
229,Beringovskiy,100,RU,2021-06-11 05:42:07,98,63.05,179.3167,36.16,6.44
230,Yerofey Pavlovich,83,RU,2021-06-11 05:42:08,42,53.9667,121.9667,70.47,3.76
231,Iracoubo,65,GF,2021-06-11 05:42:08,87,5.4802,-53.2011,76.69,7.85
232,Capim Grosso,34,BR,2021-06-11 05:42:08,98,-11.3811,-40.0128,63.18,4.14
233,Oktyabrskiy,66,RU,2021-06-11 05:42:09,72,54.4815,53.471,67.55,6.78
234,Victor Harbor,98,AU,2021-06-11 05:42:09,76,-35.5667,138.6167,60.91,1.01
235,Tonantins,100,BR,2021-06-11 05:42:09,98,-2.8731,-67.8022,72.54,1.54
236,Gat,4,IL,2021-06-11 05:42:09,100,31.61,34.7642,75.4,4.23
237,Hermanus,48,ZA,2021-06-11 05:40:28,72,-34.4187,19.2345,62.91,8.61
238,Isla Vista,1,US,2021-06-11 05:42:10,56,34.4133,-119.861,66.09,3.44
239,Roald,75,NO,2021-06-11 05:42:10,88,62.5833,6.1333,68.11,18.41
240,Kahului,1,US,2021-06-11 05:42:10,69,20.8947,-156.47,77.02,19.57
241,Borbon,92,PH,2021-06-11 05:42:11,75,10.838,124.0297,85.89,3.49
242,Pringsewu,84,ID,2021-06-11 05:42:11,59,-5.3582,104.9744,87.96,1.03
243,Kudahuvadhoo,74,MV,2021-06-11 05:42:11,73,2.6708,72.8944,83.71,13.29
244,Plettenberg Bay,39,ZA,2021-06-11 05:42:12,50,-34.0527,23.3716,63.01,6.8
245,Olafsvik,100,IS,2021-06-11 05:42:12,68,64.8945,-23.7142,40.41,19.6
246,Tuktoyaktuk,40,CA,2021-06-11 05:40:22,71,69.4541,-133.0374,51.8,5.75
247,Beloha,0,MG,2021-06-11 05:42:12,70,-25.1667,45.05,69.58,11.36
248,Lasa,77,IT,2021-06-11 05:42:13,83,46.6166,10.7002,59.02,4.25
249,Guiratinga,98,BR,2021-06-11 05:42:13,55,-16.3494,-53.7583,72.97,3.71
250,Safford,1,US,2021-06-11 05:39:45,12,32.834,-109.7076,85.12,9.22
251,Baie-Comeau,1,CA,2021-06-11 05:42:14,93,49.2168,-68.1489,45.88,2.3
252,Pamanukan,62,ID,2021-06-11 05:42:14,60,-6.2842,107.8106,88.34,7.99
253,Xinzhi,68,CN,2021-06-11 05:42:14,33,36.4989,111.7047,90.7,8.88
254,Fortuna,90,US,2021-06-11 05:39:22,72,40.5982,-124.1573,56.66,3.44
255,Tabas,0,IR,2021-06-11 05:42:15,5,33.5959,56.9244,105.58,9.75
256,Sarankhola,92,BD,2021-06-11 05:42:15,65,22.3082,89.7897,88.56,6.06
257,Pozo Colorado,8,PY,2021-06-11 05:42:15,95,-23.4923,-58.7972,57.78,4.74
258,Peleduy,100,RU,2021-06-11 05:42:16,92,59.6289,112.7406,49.33,3.83
259,Port Moresby,20,PG,2021-06-11 05:42:16,66,-9.4431,147.1797,87.22,8.05
260,Itarema,55,BR,2021-06-11 05:42:16,89,-2.9248,-39.9167,75.81,10.98
261,Te Anau,8,NZ,2021-06-11 05:42:16,91,-45.4167,167.7167,44.94,1.25
262,Ilulissat,90,GL,2021-06-11 05:40:32,75,69.2167,-51.1,37.42,4.61
263,Peshkovo,32,RU,2021-06-11 05:42:17,77,47.0187,39.3885,67.05,8.77
264,Severo-Kurilsk,100,RU,2021-06-11 05:40:28,74,50.6789,156.125,50.54,2.86
265,Toora-Khem,100,RU,2021-06-11 05:40:48,34,52.4675,96.11,65.53,2.24
266,Santa Vitoria Do Palmar,2,BR,2021-06-11 05:42:18,92,-33.5189,-53.3681,49.68,7.9
267,Kholodnyy,94,RU,2021-06-11 05:42:18,35,62.7167,147.95,54.75,2.08
268,Mariinskiy Posad,75,RU,2021-06-11 05:42:18,61,56.115,47.718,65.34,13.27
269,Hailar,6,CN,2021-06-11 05:42:19,34,49.2,119.7,74.44,7.85
270,Cairns,90,AU,2021-06-11 05:42:19,69,-16.9167,145.7667,80.06,6.91
271,The Pas,90,CA,2021-06-11 05:42:19,94,53.8251,-101.2541,57.22,8.05
272,Aykhal,97,RU,2021-06-11 05:42:19,53,66.0,111.5,47.68,12.46
273,Enumclaw,100,US,2021-06-11 05:42:20,79,47.2043,-121.9915,58.19,3.51
274,Sobolevo,93,RU,2021-06-11 05:42:20,92,54.4299,31.8996,57.61,8.66
275,Mitla,100,MX,2021-06-11 05:42:20,90,16.9167,-96.4,60.55,2.64
276,Rehoboth,21,NA,2021-06-11 05:42:21,41,-23.3167,17.0833,53.49,6.73
277,Dikson,100,RU,2021-06-11 05:40:18,99,73.5069,80.5464,32.31,7.34
278,Antequera,33,ES,2021-06-11 05:42:21,51,37.0194,-4.5612,66.45,4.52
279,Heinola,4,FI,2021-06-11 05:42:22,46,61.2056,26.0381,69.01,4.7
280,Batemans Bay,100,AU,2021-06-11 05:42:22,83,-35.7167,150.1833,60.19,3.13
281,Hasaki,76,JP,2021-06-11 05:40:10,64,35.7333,140.8333,86.29,12.39
282,Seddon,90,AU,2021-06-11 05:42:22,86,-37.8068,144.8916,59.72,1.99
283,Padang,86,ID,2021-06-11 05:42:23,59,-0.9492,100.3543,87.85,4.38
284,Atar,44,MR,2021-06-11 05:42:23,28,20.5169,-13.0499,89.1,6.29
285,Caningay,93,PH,2021-06-11 05:42:23,70,9.8297,122.6442,84.61,7.99
286,Thinadhoo,100,MV,2021-06-11 05:42:24,73,0.5333,72.9333,83.91,12.39
287,Qui Nhon,100,VN,2021-06-11 05:42:24,55,13.7667,109.2333,91.2,10.07
288,Vao,100,NC,2021-06-11 05:42:24,78,-22.6667,167.4833,72.59,13.65
289,Lokoja,95,NG,2021-06-11 05:42:24,95,7.8024,6.743,74.64,5.55
290,Karpathos,20,GR,2021-06-11 05:42:25,83,35.507,27.2132,71.56,20.71
291,Baruun-Urt,100,MN,2021-06-11 05:40:19,13,46.6806,113.2792,83.3,16.96
292,San Jeronimo,80,PE,2021-06-11 05:42:25,78,-11.9472,-75.2829,49.03,1.01
293,Paso De Los Toros,21,UY,2021-06-11 05:42:25,82,-32.8167,-56.5167,45.7,8.66
294,Yuncheng,7,CN,2021-06-11 05:42:26,27,35.0231,110.9928,96.62,14.09
295,Vila,13,PT,2021-06-11 05:42:26,80,42.0304,-8.1588,55.33,4.52
296,Savonlinna,0,FI,2021-06-11 05:42:26,45,61.8699,28.88,73.26,4.61
297,Sibu,40,MY,2021-06-11 05:42:27,89,2.3,111.8167,79.11,9.22
298,Lebu,100,CL,2021-06-11 05:40:53,71,-37.6167,-73.65,51.12,3.15
299,Baykit,99,RU,2021-06-11 05:42:27,56,61.67,96.37,49.32,8.66
300,Pasni,100,PK,2021-06-11 05:42:27,78,25.2631,63.471,84.69,9.1
301,Kainantu,89,PG,2021-06-11 05:42:28,88,-6.2887,145.8655,66.22,3.18
302,Alice Springs,4,AU,2021-06-11 05:42:28,20,-23.7,133.8833,65.75,3.44
303,Derzhavinsk,40,KZ,2021-06-11 05:42:28,33,51.1,66.3167,71.44,17.69
304,Kununurra,50,AU,2021-06-11 05:40:48,17,-15.7667,128.7333,80.58,9.22
305,Menongue,0,AO,2021-06-11 05:42:29,51,-14.6585,17.691,48.92,4.47
306,Omsukchan,100,RU,2021-06-11 05:40:12,96,62.5333,155.8,39.38,2.93
307,Chengde,65,CN,2021-06-11 05:42:29,14,40.9725,117.9361,93.87,5.06
308,Katsuura,45,JP,2021-06-11 05:40:21,64,35.1333,140.3,82.24,10.65
309,Beyneu,92,KZ,2021-06-11 05:42:30,28,45.3167,55.2,83.5,9.08
310,Ulaanbaatar,40,MN,2021-06-11 05:42:30,46,47.9077,106.8832,69.93,6.71
311,Eyemouth,100,GB,2021-06-11 05:42:30,87,55.8713,-2.0901,60.84,15.08
312,Acapulco,100,MX,2021-06-11 05:42:31,82,16.8634,-99.8901,79.05,6.44
313,Husavik,100,IS,2021-06-11 05:40:55,97,66.0449,-17.3389,44.51,14.54
314,Abu Samrah,0,SY,2021-06-11 05:42:31,47,35.3029,37.1841,74.82,20.18
315,Isangel,98,VU,2021-06-11 05:42:31,71,-19.55,169.2667,74.21,10.54
316,Camana,85,PE,2021-06-11 05:42:32,85,-16.6228,-72.7111,61.75,9.51
317,Nemuro,88,JP,2021-06-11 05:42:32,89,43.3236,145.575,77.43,15.7
318,Fort Nelson,75,CA,2021-06-11 05:42:32,93,58.8053,-122.7002,51.39,2.3
319,Dzilam Gonzalez,100,MX,2021-06-11 05:42:33,78,21.2833,-88.9333,78.13,6.02
320,Maiduguri,54,NG,2021-06-11 05:42:33,43,11.8464,13.1603,87.17,8.37
321,Corn Island,74,NI,2021-06-11 05:42:33,79,12.1694,-83.0418,81.54,5.79
322,Chernyshevskiy,100,RU,2021-06-11 05:42:34,26,63.0128,112.4714,56.91,13.71
323,Payo,71,ID,2021-06-11 05:42:34,50,-3.7508,103.6372,91.13,1.83
324,Ola,86,RU,2021-06-11 05:42:34,60,59.5833,151.2833,52.07,8.46
325,Roswell,20,US,2021-06-11 05:37:52,93,34.0232,-84.3616,72.68,5.75
326,Celestun,100,MX,2021-06-11 05:42:35,74,20.8667,-90.4,80.73,11.45
327,Talcahuano,0,CL,2021-06-11 05:42:35,87,-36.7167,-73.1167,47.88,3.44
328,Shingu,92,JP,2021-06-11 05:42:35,71,33.7333,135.9833,79.92,8.08
329,Briancon,22,FR,2021-06-11 05:42:36,83,44.9,6.65,59.31,2.3
330,Barcelona,0,ES,2021-06-11 05:39:39,58,41.3888,2.159,75.61,3.0
331,Dunedin,84,NZ,2021-06-11 05:41:20,79,-45.8742,170.5036,45.81,1.01
332,Qom,0,IR,2021-06-11 05:42:36,7,34.6401,50.8764,92.88,9.71
333,Prince Rupert,90,CA,2021-06-11 05:42:37,82,54.3161,-130.3201,53.29,0.0
334,Savannah Bight,100,HN,2021-06-11 05:42:37,78,16.45,-85.85,82.0,21.12
335,Otradnoye,99,RU,2021-06-11 05:42:37,53,59.7775,30.8181,66.56,2.04
336,Codrington,32,AU,2021-06-11 05:42:37,76,-38.2667,141.9667,57.04,4.94
337,Alofi,4,NU,2021-06-11 05:42:38,83,-19.0595,-169.9187,73.29,10.36
338,Vanavara,66,RU,2021-06-11 05:42:38,39,60.34,102.2797,52.38,7.96
339,Komsomolskiy,31,UZ,2021-06-11 05:42:38,20,40.4272,71.7189,88.52,4.61
340,Verkhnyaya Inta,98,RU,2021-06-11 05:42:39,37,65.9811,60.3094,69.73,19.3
341,Soyo,92,AO,2021-06-11 05:42:39,91,-6.1349,12.3689,74.53,3.94
342,Bacolod,99,PH,2021-06-11 05:42:39,68,10.6667,122.95,86.94,8.81
343,Oyama,64,JP,2021-06-11 05:42:40,27,36.3,139.8,87.58,8.48
344,Adre,39,TD,2021-06-11 05:42:40,34,13.4667,22.2,84.78,2.21
345,Fort Morgan,1,US,2021-06-11 05:42:40,60,40.2503,-103.8,72.82,9.22
346,Ahuimanu,75,US,2021-06-11 05:42:40,68,21.4447,-157.8378,80.31,19.57
347,Nhulunbuy,90,AU,2021-06-11 05:42:41,61,-12.2333,136.7667,81.21,13.8
348,Kibuye,60,RW,2021-06-11 05:42:16,64,-2.0597,29.3482,62.91,2.15
349,Bubaque,100,GW,2021-06-11 05:42:41,77,11.2833,-15.8333,78.4,2.04
350,Chapais,56,CA,2021-06-11 05:42:42,66,49.7834,-74.8492,49.78,2.57
351,Coxim,100,BR,2021-06-11 05:42:42,95,-18.5067,-54.76,67.82,4.59
352,Loandjili,90,CG,2021-06-11 05:42:42,94,-4.7561,11.8578,77.11,3.44
353,Nyurba,100,RU,2021-06-11 05:42:42,41,63.2842,118.3319,58.64,5.59
354,Changying,76,CN,2021-06-11 05:42:43,50,52.8733,123.3213,68.54,6.33
355,Tigil,100,RU,2021-06-11 05:42:43,95,57.8,158.6667,49.93,3.24
356,Touros,98,BR,2021-06-11 05:42:43,84,-5.1989,-35.4608,72.5,13.56
357,Torbay,90,CA,2021-06-11 05:42:44,96,47.6666,-52.7314,38.57,8.05
358,Kropotkin,3,RU,2021-06-11 05:42:44,73,45.4375,40.5756,69.17,3.15
359,Nouadhibou,59,MR,2021-06-11 05:40:49,86,20.931,-17.0347,67.42,10.38
360,Bolama,100,GW,2021-06-11 05:42:45,83,11.5833,-15.4667,78.06,5.48
361,Barcelos,23,PT,2021-06-11 05:41:30,82,41.5388,-8.6151,65.91,2.3
362,Sao Felix Do Xingu,6,BR,2021-06-11 05:42:45,79,-6.6447,-51.995,69.96,1.23
363,Tessalit,39,ML,2021-06-11 05:42:45,11,20.1986,1.0114,90.27,7.27
364,Mercedes,51,AR,2021-06-11 05:42:46,61,-34.6515,-59.4307,43.84,6.38
365,Srednekolymsk,99,RU,2021-06-11 05:42:46,57,67.45,153.6833,45.57,4.18
366,Anadyr,75,RU,2021-06-11 05:42:46,76,64.75,177.4833,46.9,8.95
367,Richards Bay,15,ZA,2021-06-11 05:42:46,83,-28.783,32.0377,62.98,4.7
368,Romitan,0,UZ,2021-06-11 05:42:47,24,39.9343,64.3814,91.35,11.5
369,Tokur,71,RU,2021-06-11 05:42:47,70,53.1333,132.9,63.95,2.73
370,Santa Lucia,20,ES,2021-06-11 05:42:48,88,27.9117,-15.5407,66.94,20.71
371,Baoning,20,CN,2021-06-11 05:42:48,70,25.3378,110.026,87.66,4.47
372,Guane,94,CU,2021-06-11 05:42:48,88,22.2025,-84.0875,76.66,4.34
373,Nador,90,MA,2021-06-11 05:42:48,83,35.174,-2.9287,68.25,0.0
374,Dimapur,75,IN,2021-06-11 05:42:49,74,25.9,93.7333,84.18,3.44
375,Ventspils,0,LV,2021-06-11 05:42:49,100,57.3894,21.5606,66.13,0.0
376,Labuhan,42,ID,2021-06-11 05:42:49,58,-6.8844,112.2051,88.9,7.72
377,Kayan,100,MM,2021-06-11 05:42:50,94,16.9056,96.5631,82.54,8.34
378,Yatou,5,CN,2021-06-11 05:42:50,60,37.15,122.3833,77.11,4.85
379,Gazli,50,UZ,2021-06-11 05:42:50,14,40.1333,63.45,94.19,14.2
380,North Bend,40,US,2021-06-11 05:42:51,73,43.4065,-124.2243,55.92,3.44
381,Zhanaozen,74,KZ,2021-06-11 05:42:51,26,43.3,52.8,85.48,14.36
382,Sukhumi,68,GE,2021-06-11 05:42:51,67,43.0033,41.0153,69.75,4.68
383,Fairview,75,US,2021-06-11 05:42:30,61,40.8126,-73.999,65.57,5.75
384,Souillac,75,MU,2021-06-11 05:40:33,78,-20.5167,57.5167,77.36,14.97
385,Honningsvag,75,NO,2021-06-11 05:42:52,93,70.9821,25.9704,49.75,2.3
386,Issia,100,CI,2021-06-11 05:42:52,99,6.4922,-6.5856,71.55,1.23
387,Altea,2,ES,2021-06-11 05:42:52,91,38.5989,-0.0514,74.21,5.82
388,Vila Franca Do Campo,13,PT,2021-06-11 05:42:53,87,37.7167,-25.4333,59.41,0.47
389,Lagoa,22,PT,2021-06-11 05:42:53,95,39.05,-27.9833,64.6,4.72
390,Benguela,5,AO,2021-06-11 05:42:53,62,-12.5763,13.4055,74.59,2.98
391,Sungaipenuh,94,ID,2021-06-11 05:42:54,56,-2.0833,101.3833,79.23,4.47
392,Langen,0,DE,2021-06-11 05:42:54,72,49.9933,8.6728,67.71,1.01
393,San Quintin,33,MX,2021-06-11 05:42:54,85,30.4833,-115.95,66.43,15.1
394,Sergeyevka,46,KZ,2021-06-11 05:42:54,40,53.88,67.4158,65.35,9.37
395,Orange Cove,0,US,2021-06-11 05:42:55,31,36.6244,-119.3137,66.79,3.89
396,Rocha,4,UY,2021-06-11 05:40:11,89,-34.4833,-54.3333,46.96,7.02
397,San Rafael,46,AR,2021-06-11 05:42:46,59,-34.6177,-68.3301,48.97,4.45
398,Cap Malheureux,97,MU,2021-06-11 05:42:55,67,-19.9842,57.6142,77.47,11.99
399,Salym,53,RU,2021-06-11 05:42:56,32,60.0625,71.4789,65.57,3.78
400,Boyuibe,28,BO,2021-06-11 05:42:56,77,-20.4167,-63.2833,59.18,7.27
401,Victoria,76,HK,2021-06-11 05:38:22,76,22.2855,114.1577,93.25,1.99
402,Dodge City,1,US,2021-06-11 05:42:56,80,37.7528,-100.0171,81.25,8.99
403,Kenai,75,US,2021-06-11 05:38:52,55,60.5544,-151.2583,59.05,8.05
404,Geraldton,75,AU,2021-06-11 05:42:57,68,-28.7667,114.6,71.13,4.61
405,Kalevala,15,RU,2021-06-11 05:42:57,35,65.2,31.1667,72.3,8.68
406,Xinxiang,41,CN,2021-06-11 05:42:58,28,35.3089,113.8672,96.21,5.59
407,Sakaiminato,75,JP,2021-06-11 05:42:58,73,35.55,133.2333,75.13,11.5
408,Kargasok,32,RU,2021-06-11 05:42:58,38,59.0556,80.8572,59.09,4.29
409,Darhan,100,MN,2021-06-11 05:42:59,75,49.4867,105.9228,58.95,10.6
410,Portland,90,US,2021-06-11 05:38:12,67,45.5234,-122.6762,60.75,1.01
411,Meulaboh,92,ID,2021-06-11 05:42:59,55,4.1363,96.1285,86.79,5.21
412,Cayenne,90,GF,2021-06-11 05:39:35,84,4.9333,-52.3333,80.1,5.99
413,Sept-Iles,1,CA,2021-06-11 05:43:00,81,50.2001,-66.3821,39.63,8.05
414,Rafai,42,CF,2021-06-11 05:43:00,60,4.95,23.9167,76.87,1.88
415,Ostersund,0,SE,2021-06-11 05:43:00,68,63.1792,14.6357,70.61,9.22
416,Hirara,75,JP,2021-06-11 05:43:00,70,24.8,125.2833,88.07,11.5
417,Green Bay,1,US,2021-06-11 05:43:01,53,44.5192,-88.0198,75.97,6.91
418,Kirakira,97,SB,2021-06-11 05:43:01,81,-10.4544,161.9205,81.91,10.51
419,Hokitika,100,NZ,2021-06-11 05:43:01,89,-42.7167,170.9667,54.54,4.09
420,Zheleznodorozhnyy,98,RU,2021-06-11 05:43:02,92,55.7503,38.0042,57.72,8.48
421,Mahina,75,PF,2021-06-11 05:43:02,78,-17.5065,-149.489,81.75,4.61
422,Murten,43,CH,2021-06-11 05:43:02,87,46.9283,7.1172,65.21,0.0
423,Auki,72,SB,2021-06-11 05:43:03,74,-8.7676,160.7034,83.37,5.82
424,Sola,97,VU,2021-06-11 05:43:03,72,-13.8833,167.55,80.11,17.85
425,Turukhansk,99,RU,2021-06-11 05:43:03,47,65.8167,87.9833,50.92,13.15
426,Usinsk,100,RU,2021-06-11 05:43:04,29,65.9939,57.5281,71.58,17.67
427,Latur,91,IN,2021-06-11 05:43:04,57,18.4,76.5833,83.25,18.45
428,Kidal,0,ML,2021-06-11 05:42:17,27,18.4411,1.4078,87.46,11.41
429,Velingara,100,SN,2021-06-11 05:43:04,81,13.15,-14.1167,76.12,2.3
430,Makaryev,79,RU,2021-06-11 05:43:05,47,57.8797,43.8069,68.18,10.51
431,Carutapera,100,BR,2021-06-11 05:43:05,98,-1.195,-46.02,73.11,5.12
432,Mocuba,0,MZ,2021-06-11 05:43:05,83,-16.8392,36.9856,66.4,2.98
433,Coari,94,BR,2021-06-11 05:43:06,96,-4.085,-63.1414,72.12,2.86
434,Paamiut,100,GL,2021-06-11 05:43:07,86,61.994,-49.6678,36.14,1.34
435,Goderich,18,CA,2021-06-11 05:40:25,42,43.7501,-81.7165,66.52,10.36
436,Chota,49,PE,2021-06-11 05:43:07,95,-6.55,-78.65,51.28,4.36
437,Kavaratti,100,IN,2021-06-11 05:40:21,75,10.5669,72.642,83.84,16.35
438,Amagi,100,JP,2021-06-11 05:43:08,50,33.4167,130.65,80.65,0.85
439,Sirjan,0,IR,2021-06-11 05:43:08,10,29.452,55.6814,91.72,2.68
440,Kanye,41,BW,2021-06-11 05:43:09,55,-24.9667,25.3327,50.95,6.15
441,Amapa,94,BR,2021-06-11 05:43:09,100,1.0,-52.0,70.52,1.97
442,Ginda,56,IN,2021-06-11 05:43:10,44,30.6945,78.4932,83.77,6.8
443,Miramar,20,US,2021-06-11 05:38:32,78,25.9873,-80.2323,82.42,10.36
444,Korem,88,ET,2021-06-11 05:43:10,18,12.5058,39.5228,74.73,6.49
445,Tateyama,52,JP,2021-06-11 05:43:11,66,34.9833,139.8667,80.62,10.92
446,Christchurch,90,NZ,2021-06-11 05:39:10,91,-43.5333,172.6333,52.0,3.44
447,Vengerovo,79,RU,2021-06-11 05:43:11,57,55.6848,76.7471,60.69,6.22
448,Villa Carlos Paz,35,AR,2021-06-11 05:43:12,84,-31.4241,-64.4978,46.38,3.67
449,Ko Samui,20,TH,2021-06-11 05:38:48,62,9.5357,99.9357,89.51,9.22
450,Machilipatnam,100,IN,2021-06-11 05:43:13,84,16.1667,81.1333,79.0,15.82
451,Martyush,3,RU,2021-06-11 05:43:13,44,56.4,61.8819,65.28,7.31
452,Ostrovnoy,43,RU,2021-06-11 05:40:09,37,68.0531,39.5131,71.08,22.48
453,San Ramon,1,US,2021-06-11 05:39:43,67,37.7799,-121.978,57.52,1.99
454,Mangai,17,CD,2021-06-11 05:43:13,55,-4.05,19.5333,74.71,1.72
455,Tuatapere,43,NZ,2021-06-11 05:43:14,93,-46.1333,167.6833,44.58,1.83
456,Coahuayana,65,MX,2021-06-11 05:43:14,83,18.7333,-103.6833,78.24,2.86
457,Turan,75,VN,2021-06-11 05:42:50,66,16.0678,108.2208,89.65,1.14
458,Juterbog,67,DE,2021-06-11 05:43:14,69,51.9833,13.0833,69.62,3.36
459,Westport,1,US,2021-06-11 05:38:35,76,41.1415,-73.3579,64.15,4.0
460,Rincon,1,US,2021-06-11 05:43:15,88,32.296,-81.2354,80.51,6.91
461,Noumea,100,NC,2021-06-11 05:43:15,99,-22.2763,166.4572,75.18,7.0
462,Wagar,16,SD,2021-06-11 05:43:15,39,16.1525,36.2032,90.37,14.09
463,Xining,100,CN,2021-06-11 05:43:16,40,36.6167,101.7667,71.19,3.53
464,Kurchum,80,KZ,2021-06-11 05:43:16,48,48.5722,83.6542,71.4,7.94
465,Yangjiang,100,CN,2021-06-11 05:43:16,62,21.85,111.9667,88.95,15.41
466,Asau,47,RO,2021-06-11 05:43:17,62,46.4333,26.4,67.75,1.21
467,Sao Filipe,99,CV,2021-06-11 05:43:17,87,14.8961,-24.4956,72.54,4.7
468,Verkhnyaya Toyma,46,RU,2021-06-11 05:43:17,31,62.2349,44.9985,74.26,3.29
469,Vetrisoaia,6,RO,2021-06-11 05:43:18,66,46.43,28.2083,67.86,12.93
470,Gladstone,89,AU,2021-06-11 05:43:18,27,-23.85,151.25,66.13,8.05
471,Sholokhovskiy,15,RU,2021-06-11 05:43:18,72,48.2807,41.0459,69.12,7.61
472,Pirenopolis,97,BR,2021-06-11 05:43:19,58,-15.8525,-48.9592,66.69,4.45
473,Tocopilla,12,CL,2021-06-11 05:43:19,74,-22.092,-70.1979,61.95,4.65
474,Cantapoy,99,PH,2021-06-11 05:43:19,68,9.4906,125.4364,85.03,4.83
475,Saldanha,88,ZA,2021-06-11 05:40:11,62,-33.0117,17.9442,50.05,7.65
476,Broome,3,US,2021-06-11 05:43:20,90,42.2506,-75.833,63.61,4.97
477,Dzaoudzi,20,YT,2021-06-11 05:43:20,65,-12.7887,45.2699,80.49,18.41
478,Shelburne,21,CA,2021-06-11 05:43:20,42,44.0787,-80.2041,64.6,7.7
479,Vostok,100,RU,2021-06-11 05:43:20,91,46.4856,135.8833,59.83,5.21
480,Quesnel,40,CA,2021-06-11 05:43:21,81,52.9999,-122.5029,48.7,6.91
481,Santander,40,ES,2021-06-11 05:38:24,94,43.4647,-3.8044,61.83,0.0
482,Businga,77,CD,2021-06-11 05:43:21,73,3.3333,20.8833,77.02,1.48
483,Pouembout,100,NC,2021-06-11 05:43:21,65,-21.1333,164.9,74.97,6.82
484,Bensonville,100,LR,2021-06-11 05:43:22,96,6.4461,-10.6125,73.31,1.66
485,College,75,US,2021-06-11 05:43:04,52,64.8569,-147.8028,63.59,3.44
486,Siderno,56,IT,2021-06-11 05:43:22,72,38.2779,16.302,73.78,6.06
487,Quelimane,75,MZ,2021-06-11 05:43:22,100,-17.8786,36.8883,60.75,3.44
488,Mae Sai,96,TH,2021-06-11 05:43:23,91,20.4335,99.8762,85.32,2.37
489,Nome,90,US,2021-06-11 05:43:23,87,64.5011,-165.4064,43.16,4.61
490,Kanadey,100,RU,2021-06-11 05:43:23,92,53.1679,47.5264,62.49,5.01
491,Ahipara,100,NZ,2021-06-11 05:43:24,90,-35.1667,173.1667,60.15,7.67
492,Ancud,100,CL,2021-06-11 05:43:24,96,-41.8697,-73.8203,56.73,18.19
493,Scarborough,97,GB,2021-06-11 05:41:45,84,54.2797,-0.4044,64.53,4.0
494,Makat,85,KZ,2021-06-11 05:43:24,36,47.6469,53.3463,80.24,7.18
495,Dzhebariki-Khaya,0,RU,2021-06-11 05:43:25,23,62.2167,135.8,72.37,3.04
496,Kendallville,1,US,2021-06-11 05:43:25,100,41.4414,-85.265,72.72,0.0
497,Yumen,50,CN,2021-06-11 05:43:26,13,40.2833,97.2,87.51,5.59
498,Basco,89,PH,2021-06-11 05:43:26,78,20.4487,121.9702,85.35,17.31
499,Andra,64,RU,2021-06-11 05:43:26,31,62.5147,65.8878,69.26,8.81
500,Kisangani,52,CD,2021-06-11 05:43:26,69,0.5167,25.2,78.48,2.55
501,Port Hardy,75,CA,2021-06-11 05:43:27,82,50.6996,-127.4199,53.78,0.0
502,Abalak,24,RU,2021-06-11 05:43:27,32,58.1286,68.5944,65.73,7.02
503,Mezen,28,RU,2021-06-11 05:43:27,26,65.8522,44.24,75.06,9.17
504,Bambanglipuro,24,ID,2021-06-11 05:43:28,70,-7.95,110.2833,69.6,10.33
505,Tura,100,IN,2021-06-11 05:43:28,94,25.5198,90.2201,74.55,3.94
506,Presidencia Roque Saenz Pena,46,AR,2021-06-11 05:43:28,95,-26.7852,-60.4388,54.18,4.74
507,Chara,10,RU,2021-06-11 05:43:29,33,56.9064,118.2631,71.89,3.11
508,Mamala,100,PH,2021-06-11 05:43:29,65,14.0167,121.5167,79.02,3.62
509,Ust-Nera,90,RU,2021-06-11 05:43:29,40,64.5667,143.2,57.7,3.22
510,Severobaykalsk,97,RU,2021-06-11 05:43:30,76,55.65,109.3167,50.7,6.11
511,Awjilah,74,LY,2021-06-11 05:43:30,54,29.1081,21.2869,73.78,12.03
512,Jaru,77,BR,2021-06-11 05:43:30,64,-10.4389,-62.4664,77.49,1.19
513,Saint-Augustin,16,CA,2021-06-11 05:43:30,76,51.226,-58.6502,40.68,2.06
514,Manono,6,CD,2021-06-11 05:43:31,49,-7.3,27.4167,74.93,9.1
515,Zonguldak,0,TR,2021-06-11 05:43:31,58,41.25,31.8333,56.25,1.9
516,Vestmanna,90,FO,2021-06-11 05:43:31,93,62.1564,-7.1664,47.32,12.66
517,San Cristobal,50,VE,2021-06-11 05:43:32,95,7.7669,-72.225,62.87,3.58
518,Aleksinac,77,RS,2021-06-11 05:43:32,83,43.5417,21.7078,63.3,4.27
519,Tautira,59,PF,2021-06-11 05:43:33,79,-17.7333,-149.15,82.0,11.45
520,Coihaique,20,CL,2021-06-11 05:43:33,93,-45.5752,-72.0662,44.55,11.5
521,Shimoda,96,JP,2021-06-11 05:40:53,68,34.6667,138.95,77.36,8.93
522,Itea,19,GR,2021-06-11 05:43:33,58,38.4333,22.4167,73.0,1.52
523,Verkhovazhye,0,RU,2021-06-11 05:43:34,35,60.7472,42.0465,71.08,5.44
524,Martapura,40,ID,2021-06-11 05:43:34,58,-3.4167,114.85,91.49,4.61
525,Cloquet,90,US,2021-06-11 05:43:34,94,46.7216,-92.4594,60.35,3.44
526,Kristiansund,0,NO,2021-06-11 05:43:35,55,63.1115,7.732,66.85,5.75
527,Linkoping,0,SE,2021-06-11 05:43:35,75,58.4109,15.6216,64.53,4.61
528,Kieta,90,PG,2021-06-11 05:43:35,74,-6.2167,155.6333,83.08,4.99
529,Pensacola,20,US,2021-06-11 05:43:35,89,30.4213,-87.2169,81.86,1.01
530,Yantal,68,RU,2021-06-11 05:43:36,26,56.8471,105.2542,64.26,7.83
531,Struer,19,DK,2021-06-11 05:43:36,88,56.4912,8.5838,60.98,10.69
532,Yongan,100,CN,2021-06-11 05:43:37,19,39.6957,113.6871,78.06,12.44
533,Samur,21,RU,2021-06-11 05:43:37,58,41.8253,48.486,75.33,14.92
534,Bandarbeyla,82,SO,2021-06-11 05:43:37,50,9.4942,50.8122,86.83,32.17
535,Aguimes,20,ES,2021-06-11 05:43:38,82,27.9054,-15.4461,71.85,20.71
536,Ayagoz,77,KZ,2021-06-11 05:43:38,26,47.9714,80.4392,68.05,13.65
537,Esmeraldas,46,BR,2021-06-11 05:43:38,88,-19.7625,-44.3139,61.66,2.84
538,Birin,100,NP,2021-06-11 05:43:38,89,26.8865,88.0718,67.6,3.67
539,Namatanai,100,PG,2021-06-11 05:43:39,74,-3.6667,152.4333,83.68,12.33
540,Taksimo,41,RU,2021-06-11 05:43:39,26,56.3444,114.8794,80.89,2.8
541,Deputatskiy,9,RU,2021-06-11 05:43:39,25,69.3,139.9,59.56,10.11
542,Nizhniy Kuranakh,87,RU,2021-06-11 05:43:40,64,58.8353,125.4869,62.73,4.0
543,Morondava,0,MG,2021-06-11 05:43:40,64,-20.2833,44.2833,70.2,6.22
544,Ornskoldsvik,40,SE,2021-06-11 05:43:40,94,63.2909,18.7153,66.02,6.91
545,Hofn,84,IS,2021-06-11 05:40:27,75,64.2539,-15.2082,45.75,8.03
546,Kichera,87,RU,2021-06-11 05:43:41,67,55.9375,110.0997,60.78,7.05
547,Egvekinot,98,RU,2021-06-11 05:43:41,70,66.3167,-179.1667,39.6,1.88
548,Harper,100,LR,2021-06-11 05:43:41,86,4.375,-7.7169,76.98,4.16
549,Skjervoy,100,NO,2021-06-11 05:43:42,84,70.0311,20.9714,59.0,6.67
550,San Pedro De Macoris,99,DO,2021-06-11 05:43:42,82,18.4616,-69.2972,77.49,6.13
551,Nizwa,4,OM,2021-06-11 05:43:42,22,22.9333,57.5333,102.29,4.56
552,Hede,6,CN,2021-06-11 05:43:42,52,33.7681,120.2517,85.69,12.59
553,Buraydah,1,SA,2021-06-11 05:43:43,11,26.326,43.975,90.05,10.51
554,Rio Brilhante,100,BR,2021-06-11 05:43:43,98,-21.8019,-54.5464,65.17,6.08
555,Salta,20,AR,2021-06-11 05:39:13,90,-24.7859,-65.4117,57.49,1.99
556,Katherine,26,AU,2021-06-11 05:43:44,22,-14.4667,132.2667,80.92,6.91
557,Boffa,95,GN,2021-06-11 05:43:44,91,10.1667,-14.0333,76.75,4.43
558,Awbari,0,LY,2021-06-11 05:43:44,30,26.5921,12.7805,77.13,5.26
559,Janakpur,86,NP,2021-06-11 05:39:01,50,26.7183,85.9065,93.61,15.57
560,Bom Jesus,19,BR,2021-06-11 05:43:45,63,-9.0744,-44.3586,65.86,1.14
561,Slavyanka,100,RU,2021-06-11 05:43:45,99,42.8633,131.3847,57.99,9.78
562,Verkhnetulomskiy,99,RU,2021-06-11 05:43:45,41,68.6073,31.7962,71.73,13.62
563,Jacmel,66,HT,2021-06-11 05:43:46,78,18.2342,-72.5347,76.84,3.42
564,Kampot,100,KH,2021-06-11 05:43:46,76,10.6167,104.1833,77.05,11.74
565,Chicama,92,PE,2021-06-11 05:43:46,89,-7.8447,-79.1469,64.54,6.85
566,Hualmay,72,PE,2021-06-11 05:43:46,86,-11.0964,-77.6139,63.37,9.98
567,Ixhuatan,100,MX,2021-06-11 05:43:47,86,16.3569,-94.4825,76.69,4.05
568,Solnechnyy,100,RU,2021-06-11 05:43:47,96,50.7214,136.6319,57.88,8.05
569,Hurghada,0,EG,2021-06-11 05:43:47,32,27.2574,33.8129,86.04,11.5
570,Bainbridge,20,US,2021-06-11 05:43:48,58,47.6262,-122.5212,60.66,1.01
571,Bagu,100,PH,2021-06-11 05:43:48,77,18.4228,121.3583,85.33,3.58
572,Lukovetskiy,15,RU,2021-06-11 05:43:48,34,64.2956,41.9211,73.38,5.57
573,Kondinskoye,30,RU,2021-06-11 05:43:49,32,59.6481,67.41,67.53,6.49
574,Kodinar,19,IN,2021-06-11 05:43:49,68,20.7903,70.7031,88.36,17.25
575,Siguiri,68,GN,2021-06-11 05:43:49,83,11.6667,-9.5,74.75,3.49
576,Yar-Sale,100,RU,2021-06-11 05:40:13,67,66.8333,70.8333,56.53,21.21
577,Pedernales,91,DO,2021-06-11 05:43:50,71,18.0384,-71.744,79.45,3.13
578,Ulladulla,100,AU,2021-06-11 05:43:50,82,-35.35,150.4667,58.77,6.38
579,Novikovo,12,RU,2021-06-11 05:43:50,72,51.1537,37.8879,68.47,1.19
580,Nakhon Phanom,99,TH,2021-06-11 05:43:51,67,17.3333,104.4167,85.8,5.48
581,Vestmannaeyjar,100,IS,2021-06-11 05:43:51,86,63.4427,-20.2734,47.14,11.5
582,Ust-Tsilma,100,RU,2021-06-11 05:40:24,25,65.441,52.1498,74.71,9.53
583,Abaza,95,RU,2021-06-11 05:43:51,55,52.655,90.0928,60.24,5.46
584,San Carlos De Bariloche,40,AR,2021-06-11 05:43:52,71,-41.1456,-71.3082,47.44,29.93
585,Trairi,29,BR,2021-06-11 05:43:52,84,-3.2778,-39.2689,76.73,10.49
586,Collie,100,AU,2021-06-11 05:43:52,56,-33.3667,116.15,59.99,2.75
587,Balkhash,0,KZ,2021-06-11 05:40:17,46,46.844,74.9804,72.21,15.66
588,Sao Francisco De Assis,80,BR,2021-06-11 05:43:53,73,-29.5503,-55.1311,58.26,4.38
589,Mehamn,100,NO,2021-06-11 05:43:53,91,71.0357,27.8492,62.51,11.97
590,Southbridge,34,US,2021-06-11 05:43:53,85,42.0751,-72.0334,56.89,2.71
