City_ID,City,Country,Lat,Lng,Max Temp,Humidity,Cloudiness,Wind Speed,Current Description
0,Surt,LY,31.2089,16.5887,72.01,77,0,12.39,
1,Kapaa,US,22.0752,-159.319,79.12,69,75,4.0,
2,Ushuaia,AR,-54.8,-68.3,40.66,75,0,1.14,
3,Hilo,US,19.7297,-155.09,77.79,76,1,3.44,
4,Luderitz,NA,-26.6481,15.1594,62.8,53,60,3.22,
5,Kodiak,US,57.79,-152.4072,49.51,81,90,4.61,
6,Vanimo,PG,-2.6741,141.3028,76.1,89,55,6.04,
7,Canico,PT,32.6333,-16.85,77.63,53,20,19.57,
8,Puerto Ayora,EC,-0.7393,-90.3518,84.16,87,84,5.99,
9,Wagar,SD,16.1525,36.2032,100.74,18,66,4.29,
10,Pisco,PE,-13.7,-76.2167,68.05,68,90,17.27,
11,Busselton,AU,-33.65,115.3333,53.1,84,87,3.96,
12,Nanakuli,US,21.3906,-158.1547,78.75,83,1,6.91,
13,Cape Town,ZA,-33.9258,18.4232,64.11,50,0,9.22,
14,Punta Arenas,CL,-53.15,-70.9167,41.02,90,0,6.91,
15,Nyurba,RU,63.2842,118.3319,40.95,79,48,5.5,
16,Georgetown,MY,5.4112,100.3354,82.89,82,20,1.14,
17,Barrow,US,71.2906,-156.7887,39.22,81,90,8.05,
18,Golyshmanovo,RU,56.3979,68.3728,50.59,76,34,3.96,
19,Bethel,US,41.3712,-73.414,79.81,44,1,1.01,
20,Albany,US,42.6001,-73.9662,78.31,53,95,1.99,
21,Sorland,NO,67.667,12.6934,53.67,98,100,16.26,
22,Codrington,AU,-38.2667,141.9667,48.24,91,6,5.64,
23,Nouadhibou,MR,20.931,-17.0347,75.18,69,5,11.5,
24,Olafsvik,IS,64.8945,-23.7142,43.34,59,90,15.37,
25,Lasa,IT,46.6166,10.7002,69.71,86,73,5.28,
26,Norman Wells,CA,65.282,-126.8329,59.04,67,75,4.61,
27,Diego De Almagro,CL,-26.3667,-70.05,81.88,5,0,7.11,
28,Quang Ngai,VN,15.1167,108.8,77.92,88,100,3.71,
29,Talnakh,RU,69.4865,88.3972,34.16,100,100,3.38,
30,Kahului,US,20.8947,-156.47,81.34,65,1,6.91,
31,Urumqi,CN,43.801,87.6005,61.75,82,0,11.18,
32,Avera,US,33.194,-82.5271,89.91,64,84,12.01,
33,Arraial Do Cabo,BR,-22.9661,-42.0278,75.06,83,75,8.05,
34,Solwezi,ZM,-12.1688,26.3894,57.33,54,0,3.09,
35,Bairiki,KI,1.3292,172.9752,78.8,89,20,6.91,
36,Bluff,NZ,-46.6,168.3333,42.93,87,12,7.0,
37,Hobart,AU,-42.8794,147.3294,57.02,94,90,3.0,
38,Cidreira,BR,-30.1811,-50.2056,59.67,55,3,16.17,
39,Avarua,CK,-21.2078,-159.775,71.65,83,75,9.22,
40,Bredasdorp,ZA,-34.5322,20.0403,54.72,94,75,3.44,
41,Westport,US,41.1415,-73.3579,79.61,58,1,1.01,
42,Erenhot,CN,43.6475,111.9767,72.52,34,68,17.81,
43,Atuona,PF,-9.8,-139.0333,78.96,76,15,14.99,
44,Gibara,CU,21.1097,-76.1317,90.72,67,93,10.0,
45,Bambous Virieux,MU,-20.3428,57.7575,75.45,73,75,14.97,
46,Camrose,CA,53.0168,-112.8353,63.82,58,0,9.86,
47,Mar Del Plata,AR,-38.0023,-57.5575,54.12,60,0,8.01,
48,Tuktoyaktuk,CA,69.4541,-133.0374,41.0,87,40,8.05,
49,Longyearbyen,SJ,78.2186,15.6401,37.24,60,75,2.3,
50,Sola,VU,-13.8833,167.55,81.27,74,20,11.5,
51,Butaritari,KI,3.0707,172.7902,82.35,73,44,12.37,
52,Rikitea,PF,-23.1203,-134.9692,75.18,84,91,16.6,
53,Altamont,US,42.2068,-121.7372,60.78,42,90,3.0,
54,Dikson,RU,73.5069,80.5464,31.89,99,100,4.97,
55,Mataura,NZ,-46.1927,168.8643,37.26,95,15,3.15,
56,Kieta,PG,-6.2167,155.6333,78.85,85,16,5.12,
57,Vilhena,BR,-12.7406,-60.1458,74.59,83,72,6.96,
58,Nikolskoye,RU,59.7035,30.7861,71.49,61,100,6.24,
59,Ponta Do Sol,PT,32.6667,-17.1,77.63,61,0,5.64,
60,Fare,PF,-16.7,-151.0167,76.82,82,97,3.83,
61,Nantucket,US,41.2835,-70.0995,68.14,71,1,18.41,
62,La Paz,BO,-16.5,-68.15,54.77,40,60,11.77,
63,Coahuayana,MX,18.7333,-103.6833,89.08,48,100,7.29,
64,Muswellbrook,AU,-32.2667,150.9,45.32,93,97,5.12,
65,Umm Lajj,SA,25.0213,37.2685,87.71,59,0,7.58,
66,Tigil,RU,57.8,158.6667,43.02,94,100,4.45,
67,Tura,IN,25.5198,90.2201,73.56,97,99,3.96,
68,Pevek,RU,69.7008,170.3133,31.84,90,58,7.38,
69,Te Anau,NZ,-45.4167,167.7167,41.07,91,16,1.21,
70,Fort Saint James,CA,54.4333,-124.25,59.92,36,14,4.83,
71,Turukhansk,RU,65.8167,87.9833,46.47,99,100,8.63,
72,Saint-Philippe,RE,-21.3585,55.7679,72.99,82,87,18.81,
73,Weligama,LK,5.9667,80.4167,79.59,86,57,10.63,
74,Port Alfred,ZA,-33.5906,26.891,68.86,62,8,10.56,
75,Thompson,CA,55.7435,-97.8558,66.36,52,75,11.5,
76,East London,ZA,-33.0153,27.9116,63.54,72,0,4.61,
77,Tuatapere,NZ,-46.1333,167.6833,42.93,89,8,4.79,
78,Sobolevo,RU,54.4299,31.8996,58.69,91,86,5.08,
79,Verkhnyaya Inta,RU,65.9811,60.3094,61.39,56,100,10.54,
80,Mumford,GH,5.2618,-0.759,80.78,79,49,15.84,
81,Sao Filipe,CV,14.8961,-24.4956,74.16,83,14,5.46,
82,Upernavik,GL,72.7868,-56.1549,34.9,94,21,11.72,
83,Hermanus,ZA,-34.4187,19.2345,63.9,67,93,2.44,
84,New Norfolk,AU,-42.7826,147.0587,56.66,85,100,1.01,
85,Fairbanks,US,64.8378,-147.7164,59.09,69,90,3.44,
86,Vaini,TO,-21.2,-175.2,73.58,61,39,25.7,
87,Chokurdakh,RU,70.6333,147.9167,46.13,55,3,8.34,
88,Talavera De La Reina,ES,39.9635,-4.8308,90.61,14,29,3.09,
89,Okhotsk,RU,59.3833,143.3,46.45,62,87,3.74,
90,Cabedelo,BR,-6.9811,-34.8339,83.07,73,20,14.92,
91,Kuala Terengganu,MY,5.3302,103.1408,79.25,81,96,5.14,
92,Dovolnoye,RU,54.4958,79.6671,46.62,78,74,6.46,
93,Upington,ZA,-28.4478,21.2561,61.18,39,0,8.05,
94,Saldanha,ZA,-33.0117,17.9442,57.25,78,73,6.67,
95,San Francisco Del Mar,MX,16.2333,-94.65,80.65,71,100,2.62,
96,Rocha,UY,-34.4833,-54.3333,53.2,65,78,12.68,
97,San Fernando,PH,15.0286,120.6898,81.14,92,100,1.95,
98,Bom Sucesso,BR,-21.0331,-44.7581,71.49,63,77,8.34,
99,Morwa,IN,22.9,73.8333,85.6,64,3,18.99,
100,Beringovskiy,RU,63.05,179.3167,35.94,99,100,6.31,
101,Korolevo,UA,48.1525,23.1366,73.11,75,62,4.61,
102,Castanos,MX,26.7833,-101.4167,93.72,26,1,6.11,
103,Jamestown,US,42.097,-79.2353,83.01,56,20,1.01,
104,Elizabeth City,US,36.2946,-76.2511,84.02,83,75,4.61,
105,Lixourion,GR,38.2019,20.4314,75.06,94,20,4.61,
106,Khatanga,RU,71.9667,102.5,34.88,71,17,0.96,
107,Hasaki,JP,35.7333,140.8333,63.28,75,100,9.15,
108,Parkes,AU,-33.1333,148.1833,38.16,93,1,6.29,
109,Mopti,ML,14.6667,-4.0,96.84,38,0,11.5,
110,Pandan,PH,14.0453,124.1694,79.56,85,100,4.34,
111,Port Elizabeth,ZA,-33.918,25.5701,63.1,82,0,5.75,
112,Nanortalik,GL,60.1432,-45.2371,36.75,96,99,1.43,
113,Salem,IN,11.65,78.1667,78.1,74,99,4.09,
114,Novaya Igirma,RU,57.1334,103.9112,40.91,62,49,2.98,
115,Merritt Island,US,28.5392,-80.672,98.15,55,75,8.05,
116,Karratha,AU,-20.7377,116.8463,73.56,70,100,8.81,
117,Victor Harbor,AU,-35.5667,138.6167,57.29,90,90,6.15,
118,Roald,NO,62.5833,6.1333,61.16,94,75,13.8,
119,Nome,US,64.5011,-165.4064,42.87,87,90,10.36,
120,Buraydah,SA,26.326,43.975,90.52,13,0,14.12,
121,Carnarvon,AU,-24.8667,113.6333,60.87,74,75,5.75,
122,Salalah,OM,17.0151,54.0924,84.29,89,20,9.22,
123,Souillac,MU,-20.5167,57.5167,75.58,73,75,14.97,
124,Labuhan,ID,-6.8844,112.2051,78.12,86,16,6.87,
125,Rio Bueno,CL,-40.3167,-72.9667,57.34,85,96,6.06,
126,Atbasar,KZ,51.8,68.3333,55.56,46,18,8.39,
127,Chuy,UY,-33.6971,-53.4616,54.32,60,65,11.56,
128,Kichera,RU,55.9375,110.0997,49.44,80,100,4.94,
129,Vaijapur,IN,19.9167,74.7333,79.77,70,20,11.99,
130,Solnechnyy,RU,50.7214,136.6319,55.35,98,100,2.95,
131,Bondoukou,CI,8.0333,-2.8,80.85,66,97,3.89,
132,Kohima,IN,25.6667,94.1167,65.14,98,100,2.98,
133,Brive-La-Gaillarde,FR,45.25,1.5,81.28,63,69,2.26,
134,Iqaluit,CA,63.7506,-68.5145,42.53,65,20,10.0,
135,Thinadhoo,MV,0.5333,72.9333,83.95,74,34,12.84,
136,Evensk,RU,61.95,159.2333,46.78,71,94,7.45,
137,Bolobo,CD,-2.1667,16.2333,81.01,47,92,1.3,
138,Klaksvik,FO,62.2266,-6.589,49.12,86,87,24.74,
139,Yellowknife,CA,62.456,-114.3525,52.32,100,90,10.36,
140,Vardo,NO,70.3705,31.1107,68.2,82,99,11.5,
141,Gualaquiza,EC,-3.4,-78.55,71.37,91,77,2.26,
142,Hithadhoo,MV,-0.6,73.0833,83.97,73,64,10.51,
143,Flin Flon,CA,54.7682,-101.865,55.24,94,90,8.05,
144,Castro,BR,-24.7911,-50.0119,63.21,69,74,7.54,
145,Concordia,AR,-31.393,-58.0209,60.87,51,0,4.0,
146,Kavieng,PG,-2.5744,150.7967,81.77,80,24,15.84,
147,Wairoa,NZ,-39.0333,177.3667,48.6,99,66,1.99,
148,Oxbow,CA,49.2333,-102.1676,54.64,96,100,38.14,
149,Aksay,RU,47.26,39.87,66.42,90,9,4.85,
150,Elliot,ZA,-31.3333,27.85,50.65,56,1,7.27,
151,Hamilton,US,39.1834,-84.5333,89.74,68,75,1.99,
152,Makaryev,RU,57.8797,43.8069,60.93,67,29,5.64,
153,Maceio,BR,-9.6658,-35.7353,81.84,65,20,10.36,
154,Palm Coast,US,29.585,-81.2078,95.09,59,40,1.99,
155,Saskylakh,RU,71.9167,114.0833,36.73,94,100,18.34,
156,Ballina,AU,-28.8667,153.5667,49.95,84,8,7.49,
157,Inirida,CO,3.8653,-67.9239,87.42,59,80,3.04,
158,Daru,PG,-9.0763,143.2092,78.66,87,72,10.36,
159,Ende,ID,-8.8432,121.6623,74.8,87,45,1.43,
160,Padang,ID,-0.9492,100.3543,78.13,81,94,2.86,
161,Fergus Falls,US,46.283,-96.0776,75.92,81,75,5.01,
162,East Hemet,US,33.74,-116.9389,91.27,24,0,1.99,
163,Hualmay,PE,-11.0964,-77.6139,69.37,69,49,10.98,
164,Rujiena,LV,57.8975,25.3316,64.6,61,73,4.23,
165,Moindou,NC,-21.6924,165.677,66.15,82,100,5.79,
166,Asau,RO,46.4333,26.4,65.32,87,100,2.42,
167,Murray Bridge,AU,-35.1167,139.2667,55.56,83,73,6.44,
168,Shingu,JP,33.7333,135.9833,71.91,90,100,2.57,
169,Aksu,CN,41.1231,80.2644,78.85,23,83,10.0,
170,Verkhnevilyuysk,RU,63.4453,120.3167,41.32,91,84,5.61,
171,Nacogdoches,US,31.6002,-94.6335,89.24,63,75,9.22,
172,Ambulu,ID,-8.345,113.6058,75.88,85,80,3.31,
173,Adrar,MR,20.5022,-10.0711,109.27,8,33,1.95,
174,Tasiilaq,GL,65.6145,-37.6368,42.96,93,100,3.27,
175,Klyuchi,RU,52.2667,79.1667,53.98,54,78,7.96,
176,Libertador General San Martin,AR,-23.8064,-64.7876,75.58,41,3,4.7,
177,San Cristobal,VE,7.7669,-72.225,82.58,68,89,6.8,
178,Barra,BR,-11.0894,-43.1417,88.61,35,27,7.31,
179,Airai,TL,-8.9266,125.4092,56.46,89,24,2.66,
180,Punta Cardon,VE,11.6581,-70.215,85.77,60,95,9.53,
181,Cockburn Town,TC,21.4612,-71.1419,84.16,65,40,11.5,
182,Beloha,MG,-25.1667,45.05,67.44,81,2,12.08,
183,Sunrise Manor,US,36.2111,-115.0731,90.19,4,1,14.97,
184,Rosario,AR,-32.9468,-60.6393,66.81,30,0,4.0,
185,Srednekolymsk,RU,67.45,153.6833,43.74,64,12,3.18,
186,Emerald,AU,-23.5333,148.1667,47.16,39,0,3.18,
187,Touros,BR,-5.1989,-35.4608,86.9,66,9,16.4,
188,Chegdomyn,RU,51.1167,133.0167,54.05,97,99,1.39,
189,Bathsheba,BB,13.2167,-59.5167,86.61,58,20,13.8,
190,Mapastepec,MX,15.4333,-92.9,84.79,66,100,4.25,
191,Virginia Beach,US,36.8529,-75.978,84.11,86,90,3.44,
192,Camacha,PT,33.0833,-16.3333,75.96,77,40,14.97,
193,Choix,MX,26.7092,-108.3219,100.02,21,12,6.96,
194,Port Hardy,CA,50.6996,-127.4199,55.69,66,100,19.04,
195,Pilar,BR,-9.5972,-35.9567,80.53,71,81,7.29,
196,Sao Joao Da Barra,BR,-21.6403,-41.0511,82.49,78,17,6.33,
197,Puerto Boyaca,CO,5.9758,-74.5885,90.66,52,64,3.06,
198,Assiniboia,CA,49.6334,-105.9845,58.91,62,100,28.77,
199,Esperance,AU,-33.8667,121.9,58.84,84,100,6.93,
200,Torbay,CA,47.6666,-52.7314,52.57,62,75,17.27,
201,Tshikapa,CD,-6.4167,20.8,80.1,39,30,4.38,
202,Alice Springs,AU,-23.7,133.8833,45.95,34,27,5.75,
203,Iralaya,HN,15.0,-83.2333,84.29,84,99,11.54,
204,Sawakin,SD,19.1059,37.3321,92.55,39,31,7.94,
205,Leningradskiy,RU,69.3833,178.4167,32.92,93,100,5.19,
206,Chicama,PE,-7.8447,-79.1469,66.74,63,18,10.04,
207,Phibun Mangsahan,TH,15.2447,105.2291,76.66,89,100,6.35,
208,Zhigansk,RU,66.7697,123.3711,45.46,86,100,17.16,
209,Ribeira Grande,PT,38.5167,-28.7,73.8,78,40,6.91,
210,Boende,CD,-0.2167,20.8667,80.56,57,74,1.79,
211,Faanui,PF,-16.4833,-151.75,76.37,85,99,8.14,
212,Ancud,CL,-41.8697,-73.8203,57.42,94,100,18.7,
213,Muroto,JP,33.2833,134.15,73.31,81,100,8.68,
214,Sao Miguel Do Araguaia,BR,-13.275,-50.1628,91.99,29,72,3.31,
215,Ranong,TH,9.9658,98.6348,78.4,85,100,10.4,
216,Ambon,ID,-3.6954,128.1814,80.28,84,69,7.36,
217,Chapleau,CA,47.8405,-83.4034,64.49,59,75,11.5,
218,Utiel,ES,39.5667,-1.2,74.3,45,1,13.91,
219,Kang,BW,-23.6752,22.7876,59.14,38,0,6.89,
220,Altay,CN,47.8667,88.1167,53.64,87,86,2.55,
221,Danielskuil,ZA,-28.1887,23.5395,56.37,48,38,10.58,
222,Houma,US,29.5958,-90.7195,91.0,64,40,5.75,
223,Maarianhamina,AX,60.0973,19.9348,64.26,82,0,13.8,
224,Lorengau,PG,-2.0226,147.2712,80.28,83,84,9.57,
225,Tsurib,RU,42.2368,46.8307,52.81,93,82,1.34,
226,Asfi,MA,32.2994,-9.2372,70.25,74,97,17.65,
227,Cairns,AU,-16.9167,145.7667,69.75,85,90,8.05,
228,Aklavik,CA,68.2191,-135.0107,59.72,81,75,8.05,
229,Kondinskoye,RU,59.6481,67.41,59.11,54,63,6.26,
230,Tabou,CI,4.423,-7.3528,77.68,86,100,1.57,
231,Eskil,TR,38.4017,33.4131,70.0,46,43,8.88,
232,Ararat,AM,39.8317,44.7049,75.54,28,10,5.95,
233,Cabo San Lucas,MX,22.8909,-109.9124,100.51,74,1,9.22,
234,Santa Marta,CO,11.2408,-74.199,93.34,74,35,10.18,
235,Victoria,HK,22.2855,114.1577,83.32,89,60,1.99,
236,Adre,TD,13.4667,22.2,89.67,31,84,13.02,
237,Santiago Del Estero,AR,-27.7951,-64.2615,72.75,44,4,6.26,
238,Sibut,CF,5.718,19.0739,81.25,62,96,2.62,
239,Sitka,US,57.0531,-135.33,55.29,67,75,3.44,
240,Broken Hill,AU,-31.95,141.4333,54.23,65,100,5.7,
241,Severo-Kurilsk,RU,50.6789,156.125,47.05,80,100,5.59,
242,Mahina,PF,-17.5065,-149.489,76.77,88,75,8.05,
243,Tiksi,RU,71.6872,128.8694,48.9,72,100,9.48,
244,Panalingaan,PH,8.7842,117.4231,80.42,80,100,6.04,
245,Qaanaaq,GL,77.484,-69.3632,39.6,82,92,5.23,
246,Leh,IN,34.1667,77.5833,57.49,27,12,5.82,
247,Berlevag,NO,70.8578,29.0864,64.35,72,75,16.11,
248,Along,IN,28.1667,94.7667,74.61,96,99,0.87,
249,Serenje,ZM,-13.2325,30.2352,54.1,67,16,6.44,
250,Abu Samrah,SY,35.3029,37.1841,70.43,57,0,17.16,
251,Vao,NC,-22.6667,167.4833,72.63,74,100,13.58,
252,Lebu,CL,-37.6167,-73.65,59.07,78,97,2.98,
253,Staryy Nadym,RU,65.6118,72.6842,53.13,67,98,7.92,
254,Gusinoye Ozero,RU,51.1144,106.2614,49.73,81,79,4.94,
255,Kayes,ML,14.0,-11.0,93.96,37,90,3.96,
256,Kaitangata,NZ,-46.2817,169.8464,38.79,93,25,3.83,
257,Bandiagara,ML,14.3501,-3.6104,95.43,50,93,32.06,
258,Menongue,AO,-14.6585,17.691,58.68,30,1,5.48,
259,Sangar,RU,63.9242,127.4739,49.21,84,83,10.96,
260,Takoradi,GH,4.8845,-1.7554,79.9,82,53,10.51,
261,Kysyl-Syr,RU,63.8986,122.7617,46.06,96,100,6.35,
262,Podgornoye,RU,51.735,39.1496,62.82,88,75,4.47,
263,Laguna,US,38.421,-121.4238,77.65,38,1,3.0,
264,Nenjiang,CN,49.1833,125.2167,59.23,74,11,2.59,
265,Tianpeng,CN,30.9866,103.9393,78.64,63,100,0.43,
266,Atar,MR,20.5169,-13.0499,108.03,10,77,12.77,
267,Praia Da Vitoria,PT,38.7333,-27.0667,71.85,78,75,2.68,
268,Goderich,CA,43.7501,-81.7165,83.21,57,31,5.75,
269,Zambezi,ZM,-13.5432,23.1047,62.01,34,26,5.46,
270,Kibala,TD,9.1104,18.3463,89.55,58,0,0.0,
271,Vyatskiye Polyany,RU,56.226,51.0656,58.3,94,38,8.99,
272,San Patricio,US,28.017,-97.5169,92.07,51,0,15.01,
273,Santiago,CL,-33.4569,-70.6483,74.64,44,0,0.0,
274,Tommot,RU,58.9564,126.2925,46.22,94,28,0.72,
275,Chara,RU,56.9064,118.2631,52.47,89,98,4.83,
276,Pankrushikha,RU,53.8319,80.3406,47.46,77,96,6.93,
277,Kruisfontein,ZA,-34.0033,24.7314,60.89,48,56,3.29,
278,New London,US,41.4834,-72.0662,81.03,52,1,1.99,
279,Kushima,JP,31.4583,131.2333,72.12,97,100,6.64,
280,Novyy Urengoy,RU,66.0833,76.6333,49.98,70,94,13.87,
281,Provideniya,RU,64.3833,-173.3,39.78,92,100,9.57,
282,Itajai,BR,-26.9078,-48.6619,78.31,50,40,11.5,
283,Dunedin,NZ,-45.8742,170.5036,42.8,92,6,4.14,
284,Lata,PT,40.1629,-8.3327,76.35,48,34,7.72,
285,Yamada,JP,39.4667,141.95,60.15,88,100,9.24,
286,Jumla,NP,29.2747,82.1838,60.28,96,96,1.32,
287,Mehamn,NO,71.0357,27.8492,64.31,89,100,6.49,
288,Yar-Sale,RU,66.8333,70.8333,52.36,68,95,5.95,
289,Slave Lake,CA,55.2834,-114.769,58.98,58,1,12.66,
290,Timaru,NZ,-44.4,171.25,46.08,97,2,5.06,
291,Aksarka,RU,66.5606,67.7975,57.7,64,100,10.4,
292,Saint George,US,37.1041,-113.5841,84.34,9,1,1.01,
293,Denpasar,ID,-8.65,115.2167,78.46,89,20,3.44,
294,Tocopilla,CL,-22.092,-70.1979,67.51,66,13,2.91,
295,Sulphur,US,30.2366,-93.3774,90.21,63,40,11.5,
296,Comodoro Rivadavia,AR,-45.8667,-67.5,57.06,72,75,10.36,
297,Coolum Beach,AU,-26.5333,153.1,48.34,77,0,4.38,
298,Kavaratti,IN,10.5669,72.642,83.59,77,100,18.32,
299,Santo Domingo,DO,18.5001,-69.9886,87.48,77,75,4.0,
300,Milicz,PL,51.5277,17.2714,73.53,67,42,2.17,
301,Punto Fijo,VE,11.6956,-70.1996,86.95,57,96,10.09,
302,Kulhudhuffushi,MV,6.6221,73.07,82.74,77,72,17.09,
303,Kamina,CD,-8.7386,24.9906,68.47,49,65,4.29,
304,Mount Isa,AU,-20.7333,139.5,37.17,56,1,0.0,
305,Isabela,PH,6.7085,121.9711,77.83,81,89,2.71,
306,Mahebourg,MU,-20.4081,57.7,75.49,73,75,14.97,
307,Zhangye,CN,38.9342,100.4517,68.68,42,74,8.72,
308,Fortuna,US,40.5982,-124.1573,61.66,65,90,4.0,
309,Dire Dawa,ET,9.5931,41.8661,76.53,59,99,17.25,
310,Ayan,RU,56.45,138.1667,42.89,84,100,13.31,
311,Makakilo City,US,21.3469,-158.0858,77.32,78,1,6.91,
312,Paso De Los Toros,UY,-32.8167,-56.5167,57.54,50,71,10.31,
313,Bubaque,GW,11.2833,-15.8333,78.64,83,87,4.92,
314,Listvyanskiy,RU,54.4399,83.4984,47.19,79,81,8.1,
315,Vallenar,CL,-28.5708,-70.7581,84.96,6,1,3.29,
316,Cayenne,GF,4.9333,-52.3333,84.09,77,90,1.01,
317,Cherskiy,RU,68.75,161.3,36.73,71,16,6.6,
318,Scarborough,GB,54.2797,-0.4044,65.79,63,66,4.0,
319,Fort Nelson,CA,58.8053,-122.7002,53.82,84,100,5.68,
320,Tiarei,PF,-17.5333,-149.3333,77.02,84,100,7.34,
321,Kungurtug,RU,50.5994,97.5228,51.04,92,87,1.45,
322,Paamiut,GL,61.994,-49.6678,37.47,83,100,2.35,
323,Rawson,AR,-43.3002,-65.1023,63.55,49,61,19.19,
324,Yulara,AU,-25.2406,130.9889,46.24,42,75,2.3,
325,Masvingo,ZW,-20.0637,30.8277,54.59,57,5,5.01,
326,Gamba,GA,-2.65,10.0,76.33,88,75,5.14,
327,Geraldton,AU,-28.7667,114.6,59.41,100,90,6.91,
328,Nieuw Amsterdam,SR,5.8833,-55.0833,84.36,80,40,6.91,
329,Aberfeldy,GB,56.62,-3.8645,62.89,65,93,8.97,
330,Itarema,BR,-2.9248,-39.9167,83.7,66,45,14.23,
331,Ahipara,NZ,-35.1667,173.1667,55.78,91,78,6.62,
332,Kampene,CD,-3.6,26.6667,74.75,60,23,0.67,
333,Ormara,PK,25.2088,64.6357,84.07,83,9,17.31,
334,Belyy Yar,RU,53.6039,91.3903,51.69,54,0,8.95,
335,Lagoa,PT,39.05,-27.9833,67.57,80,69,2.51,
336,Raudeberg,NO,61.9875,5.1352,58.6,94,99,17.05,
337,Sabang,ID,5.8933,95.3214,83.55,74,100,18.43,
338,Mbekenyera,TZ,-10.0,38.9833,67.46,70,67,5.44,
339,Ixtapa,MX,20.7,-105.2,88.83,58,1,6.91,
340,Mayo,US,38.8876,-76.5119,70.95,96,90,11.01,
341,Port Lincoln,AU,-34.7333,135.8667,52.61,80,70,7.0,
342,Ampanihy,MG,-24.7,44.75,66.36,82,5,9.35,
343,Bengkulu,ID,-3.8004,102.2655,76.33,86,96,3.78,
344,Viedma,AR,-40.8135,-62.9967,65.86,43,99,14.67,
345,Ossora,RU,59.2353,163.0719,45.32,88,100,3.62,
346,Shadrinsk,RU,56.0852,63.6335,56.77,61,48,4.21,
347,Soure,BR,-0.7167,-48.5233,76.23,90,100,5.93,
348,Miraflores,MX,19.2167,-98.8083,66.87,53,98,1.88,
349,Havre,FR,49.5833,0.3333,73.83,82,63,10.36,
350,Kamenka,RU,51.3223,42.7678,63.03,79,16,4.59,
351,Clyde River,CA,70.4692,-68.5914,41.23,70,20,27.63,
352,Plymouth,US,41.8334,-70.8328,76.75,53,1,1.01,
353,Bowen,AU,-20.0167,148.2333,59.95,68,10,6.62,
354,Pangnirtung,CA,66.1451,-65.7125,39.2,81,20,12.66,
355,Oranjestad,AW,12.524,-70.027,89.55,58,75,21.85,
356,Sarkand,KZ,45.41,79.9186,55.9,79,28,4.47,
357,Sibolga,ID,1.7427,98.7792,76.91,87,40,3.2,
358,Brigantine,US,39.4101,-74.3646,67.03,86,90,14.97,
359,Churapcha,RU,62.0025,132.4325,49.53,59,0,3.69,
360,Ashqelon,IL,31.6693,34.5715,78.4,67,0,8.57,
361,Lensk,RU,60.7253,114.9278,41.4,96,53,4.14,
362,Usinsk,RU,65.9939,57.5281,67.19,43,94,9.33,
363,Kostomuksha,RU,64.571,30.5767,68.88,36,0,8.46,
364,Cajaruro,PE,-5.7364,-78.4256,85.73,58,49,4.59,
365,Kenora,CA,49.8167,-94.4337,71.58,88,90,16.11,
366,Batagay,RU,67.6333,134.6333,51.4,61,80,6.6,
367,Yamethin,MM,20.4333,96.15,75.24,91,100,10.98,
368,Makat,KZ,47.6469,53.3463,76.62,52,95,8.93,
369,Lavrentiya,RU,65.5833,-171.0,36.16,98,100,5.57,
370,Skjervoy,NO,70.0311,20.9714,57.2,95,100,7.54,
371,Tsabong,BW,-26.0217,22.401,66.22,32,0,6.76,
372,Maloy,NO,61.9353,5.1136,59.99,94,99,15.97,
373,Creteni,RO,44.6833,24.1833,61.14,87,50,4.25,
374,Manyana,BW,-23.4,21.7167,59.61,36,1,8.5,
375,Ostrovnoy,RU,68.0531,39.5131,69.31,44,24,22.12,
376,Taltal,CL,-25.4,-70.4833,67.32,61,8,3.78,
377,Grants,US,35.1473,-107.8514,82.63,7,1,10.36,
378,Sinop,TR,41.7711,34.8709,56.77,84,69,2.55,
379,Umaria,IN,23.5333,80.8333,80.56,73,91,3.02,
380,Vila,PT,42.0304,-8.1588,75.74,46,34,7.38,
381,Peniche,PT,39.3558,-9.3811,71.89,85,5,11.68,
382,Ginir,ET,7.1333,40.7,59.67,79,22,10.6,
383,Coquimbo,CL,-29.9533,-71.3436,62.33,67,0,8.05,
384,Tilichiki,RU,60.4667,166.1,42.98,80,98,3.42,
385,Havre-Saint-Pierre,CA,50.2334,-63.5986,52.16,58,90,19.57,
386,Faya,SA,18.3851,42.4509,77.11,54,98,15.17,
387,Arona,ES,28.0996,-16.681,77.52,44,0,8.01,
388,Kupang,ID,-10.1667,123.5833,75.07,85,7,8.7,
389,Waipawa,NZ,-41.4122,175.5153,49.1,92,90,1.07,
390,Hofn,IS,64.2539,-15.2082,53.62,50,0,29.93,
391,Tessalit,ML,20.1986,1.0114,107.24,7,21,11.7,
392,Portland,US,45.5234,-122.6762,59.85,84,100,3.0,
393,Falmouth,GB,50.1544,-5.0711,63.79,100,90,10.36,
394,Haines Junction,CA,60.7522,-137.5108,66.15,27,37,10.36,
395,Bontang,ID,0.1333,117.5,77.02,88,72,4.41,
396,Algeciras,ES,36.1333,-5.4505,74.88,64,0,9.22,
397,Pankovka,RU,58.5,31.1999,54.63,96,100,2.1,
398,Snyder,US,32.7179,-100.9176,93.54,52,1,14.97,
399,Kirakira,SB,-10.4544,161.9205,78.66,86,45,8.32,
400,Garmsar,IR,35.2182,52.3409,91.89,5,0,5.48,
401,Koceljeva,RS,44.4736,19.8117,67.6,88,39,5.21,
402,Ocotepec,MX,17.2167,-93.15,69.87,70,98,2.1,
403,Kilgore,US,32.3863,-94.8758,89.02,58,75,16.11,
404,Moron,AR,-34.6534,-58.6198,61.02,41,96,5.99,
405,Arsk,RU,56.0915,49.8778,67.78,91,49,8.88,
406,Lugovoy,KZ,42.9472,72.7644,66.31,46,42,7.85,
407,Namanga,KE,-2.5433,36.7905,65.98,59,37,3.71,
408,Azuaga,ES,38.2667,-5.6833,87.96,24,1,14.74,
409,Storforshei,NO,66.4043,14.5233,58.78,87,75,3.44,
410,Roebourne,AU,-20.7833,117.1333,73.63,71,99,8.52,
411,Sinnamary,GF,5.3833,-52.95,80.74,81,91,7.76,
412,Bargur,IN,12.5424,78.3539,79.02,60,100,13.15,
413,Urengoy,RU,65.9667,78.3667,48.25,88,98,9.64,
414,Porto Murtinho,BR,-21.6989,-57.8825,78.33,39,74,7.83,
415,Petawawa,CA,45.9001,-77.3328,69.39,49,100,3.44,
416,Hakodate,JP,41.7758,140.7367,60.93,87,100,2.77,
417,Caravelas,BR,-17.7125,-39.2481,77.25,71,52,6.46,
418,Copiapo,CL,-27.3667,-70.3333,58.69,6,4,5.37,
419,Sa Kaeo,TH,13.75,102.3333,76.48,86,96,11.43,
420,Providencia,MX,28.7167,-111.5833,103.28,16,5,1.01,
421,Tual,ID,-5.6667,132.75,81.12,82,33,17.25,
422,Necochea,AR,-38.5473,-58.7368,60.04,44,100,14.27,
423,Sechura,PE,-5.5569,-80.8222,78.28,57,26,11.1,
424,Mitsamiouli,KM,-11.3847,43.2844,77.58,66,7,10.67,
425,Muchkapskiy,RU,51.8513,42.4717,62.87,83,68,5.14,
426,Imatra,FI,61.1719,28.7524,70.18,62,49,7.09,
427,Hay River,CA,60.8156,-115.7999,40.98,100,90,5.75,
428,Ilulissat,GL,69.2167,-51.1,39.22,70,75,5.75,
429,San Policarpo,PH,12.1791,125.5072,77.49,89,100,5.84,
430,Sisimiut,GL,66.9395,-53.6735,39.87,73,32,7.27,
431,Riyadh,SA,24.6877,46.7219,100.45,8,0,13.8,
432,Thanh Hoa,VN,19.8,105.7667,78.73,90,92,3.62,
433,Husainabad,IN,24.5333,84.0167,86.72,60,97,8.88,
434,Los Llanos De Aridane,ES,28.6585,-17.9182,74.95,41,0,13.8,
435,Vila Praia De Ancora,PT,41.811,-8.8526,86.49,53,21,15.01,
436,Porto Novo,BJ,6.4965,2.6036,80.42,78,99,7.96,
437,Las Lomas,PA,8.4333,-82.4,84.27,70,22,7.18,
438,Gushikawa,JP,26.3544,127.8686,78.8,90,1,3.44,
439,Ithaki,GR,38.3642,20.7185,74.77,75,6,10.96,
440,Doha,QA,25.2867,51.5333,94.98,31,0,12.66,
441,Bay Roberts,CA,47.5999,-53.2648,53.35,77,93,6.35,
442,Sambava,MG,-14.2667,50.1667,73.36,78,39,10.51,
443,Bogorodskoye,RU,56.55,37.8833,57.94,92,99,5.5,
444,Korla,CN,41.7597,86.1469,69.57,49,46,4.27,
445,Capitan Bado,PY,-23.2667,-55.5333,70.47,56,29,8.28,
446,Kapiri Mposhi,ZM,-13.9652,28.6809,55.67,53,0,6.67,
447,Port Blair,IN,11.6667,92.75,83.37,80,100,19.8,
448,Zaragoza,ES,41.6561,-0.8773,81.05,64,40,8.99,
449,Boyolangu,ID,-8.1181,111.8935,75.72,87,81,2.26,
450,Muros,ES,42.7762,-9.0603,84.24,61,0,16.15,
451,Grafenau,DE,48.8577,13.3974,68.18,69,69,0.72,
452,Antalaha,MG,-14.9003,50.2788,72.59,81,83,8.59,
453,Mogadishu,SO,2.0371,45.3438,78.24,79,43,18.84,
454,San Andres,CO,12.5847,-81.7006,87.82,70,40,9.22,
455,Tevaitoa,PF,-16.7833,-151.5,74.8,89,95,8.93,
456,Bandarbeyla,SO,9.4942,50.8122,79.18,81,78,32.53,
457,Veraval,IN,20.9,70.3667,85.42,79,4,15.3,
458,Katherine,AU,-14.4667,132.2667,53.92,66,24,8.05,
459,Half Moon Bay,US,37.4636,-122.4286,73.58,55,1,5.75,
460,Santa Rosa,PH,14.3122,121.1114,81.1,89,100,2.17,
461,Ustka,PL,54.5805,16.8619,62.83,86,66,6.42,
462,Locri,IT,38.2414,16.2623,76.91,73,27,5.37,
463,Gaeta,IT,41.2183,13.5628,74.77,85,92,4.99,
464,Ponta Delgada,PT,37.7333,-25.6667,68.72,83,75,3.44,
465,Riacho De Santana,BR,-13.6092,-42.9389,88.59,27,70,6.91,
466,Hirara,JP,24.8,125.2833,81.91,84,98,11.83,
467,Taos,US,36.4072,-105.5731,88.21,11,1,1.99,
468,Kautokeino,NO,69.0125,23.0412,68.52,51,100,29.21,
469,Marsa Matruh,EG,31.3525,27.2453,73.11,76,3,10.36,
470,Kloulklubed,PW,7.0419,134.2556,79.3,77,98,9.6,
471,Tairua,NZ,-37.0167,175.85,56.08,87,82,1.57,
472,Maniitsoq,GL,65.4167,-52.9,37.24,82,82,2.93,
473,Puerto Baquerizo Moreno,EC,-0.9,-89.6,77.99,78,40,18.41,
474,Yelizovo,RU,53.1873,158.3805,55.54,71,75,11.18,
475,Flinders,AU,-34.5833,150.8552,54.25,70,3,7.0,
476,Oranjemund,NA,-28.55,16.4333,61.66,54,48,0.49,
477,Celestun,MX,20.8667,-90.4,86.83,59,100,6.15,
478,Yumen,CN,40.2833,97.2,74.08,21,89,7.4,
479,Pundaguitan,PH,6.3711,126.1689,82.36,75,95,8.97,
480,Egvekinot,RU,66.3167,-179.1667,38.41,77,99,0.51,
481,Raymondville,US,26.4815,-97.7831,93.9,46,54,14.23,
482,Angoche,MZ,-16.2325,39.9086,72.03,69,15,8.77,
483,Mobaye,CF,4.319,21.1786,78.98,69,95,3.76,
484,Saint Johnsbury,US,44.4192,-72.0151,66.52,60,90,3.44,
485,Batagay-Alyta,RU,67.8006,130.4114,51.66,57,100,6.55,
486,Sosnovo-Ozerskoye,RU,52.5249,111.5418,53.58,89,100,5.61,
487,Bosaso,SO,11.2842,49.1816,93.54,45,95,16.08,
488,Vila Franca Do Campo,PT,37.7167,-25.4333,68.41,61,5,1.63,
489,Ilhabela,BR,-23.7781,-45.3581,69.48,88,98,9.82,
490,Tazovskiy,RU,67.4667,78.7,42.58,92,100,9.48,
491,Olga,RU,43.7444,135.2892,56.1,100,100,2.8,
492,Itaueira,BR,-7.6033,-43.0256,96.46,21,3,4.83,
493,Komsomolskiy,UZ,40.4272,71.7189,81.75,29,46,4.61,
494,Isangel,VU,-19.55,169.2667,72.48,73,84,10.22,
495,Gilgit,PK,35.9221,74.3087,79.16,37,6,0.96,
496,Mackay,AU,-21.15,149.2,54.05,53,18,5.37,
497,Okha,RU,53.5739,142.9478,43.5,99,100,7.43,
498,Ulsteinvik,NO,62.3432,5.8487,61.16,91,99,3.0,
499,Ospitaletto,IT,45.1333,10.6,79.03,73,61,1.01,
500,Panchgani,IN,17.9167,73.8167,66.31,88,88,7.54,
501,Garden City,US,42.3256,-83.331,91.09,54,20,1.99,
502,Aktash,RU,50.3,87.7333,37.02,98,100,1.01,
503,Tagusao,PH,9.1924,117.8141,81.55,78,100,10.49,
504,Olinda,BR,-8.0089,-34.8553,76.73,73,40,14.97,
505,Naze,JP,28.3667,129.4833,74.98,91,100,5.08,
506,Pacific Grove,US,36.6177,-121.9166,71.62,46,1,4.0,
507,Homestead,US,25.4687,-80.4776,90.01,72,75,11.5,
508,Martapura,ID,-3.4167,114.85,75.29,100,22,0.0,
509,Villa Carlos Paz,AR,-31.4241,-64.4978,70.39,58,18,20.0,
510,Dingle,PH,10.9995,122.6711,76.42,95,100,1.16,
511,Tamiahua,MX,21.2667,-97.45,88.68,56,100,10.6,
512,Atakpame,TG,7.5333,1.1333,84.33,57,74,5.84,
513,Nishihara,JP,26.1842,127.7558,78.85,94,40,5.75,
514,Harper,LR,4.375,-7.7169,78.12,84,100,1.28,
515,Sioux Lookout,CA,50.1001,-91.917,61.18,94,90,9.22,
516,Nemuro,JP,43.3236,145.575,53.24,93,100,16.58,
517,Ko Samui,TH,9.5357,99.9357,82.83,72,100,17.11,
518,Price,US,39.5994,-110.8107,72.66,10,1,9.22,
519,Vysokogornyy,RU,50.1167,139.15,57.42,98,100,2.33,
520,Porto Velho,BR,-8.7619,-63.9039,91.45,49,40,2.3,
521,Baykit,RU,61.67,96.37,39.47,95,66,2.39,
522,Aksha,RU,50.2814,113.2867,57.0,85,100,5.73,
523,Krasnoselkup,RU,65.7,82.4667,48.96,97,100,10.74,
524,Kununurra,AU,-15.7667,128.7333,51.78,82,85,0.0,
525,Kudahuvadhoo,MV,2.6708,72.8944,83.62,74,46,14.67,
526,Xiongyue,CN,40.1774,122.1228,66.69,84,100,9.08,
527,Lakes Entrance,AU,-37.8811,147.981,52.18,90,100,22.19,
528,Katsuura,JP,35.1333,140.3,70.11,79,99,7.0,
529,Lompoc,US,34.6391,-120.4579,80.85,47,1,16.11,
530,Rio Grande,BR,-32.035,-52.0986,57.31,45,53,16.08,
531,Bria,CF,6.5423,21.9863,79.95,53,100,3.06,
532,Namatanai,PG,-3.6667,152.4333,78.91,82,18,9.46,
533,Villamontes,BO,-21.25,-63.5,78.06,36,3,4.18,
534,Qidong,CN,31.8128,121.6561,78.04,96,92,7.43,
535,Nelson Bay,AU,-32.7167,152.15,50.77,86,31,12.91,
536,Lebanon,US,36.2081,-86.2911,84.96,74,40,6.91,
537,Misasi,TZ,-3.0,33.0833,70.97,46,15,3.58,
538,Kikwit,CD,-5.041,18.8162,80.17,40,75,3.49,
539,Dubbo,AU,-32.25,148.6167,35.73,100,35,3.44,
540,Yokadouma,CM,3.5167,15.05,74.35,89,97,2.55,
541,Richards Bay,ZA,-28.783,32.0377,63.55,84,0,7.0,
542,Timmins,CA,48.4669,-81.3331,70.93,33,14,8.59,
543,Dali,CN,25.7,100.1833,59.4,94,100,2.15,
544,Mana,GF,5.6592,-53.7767,81.3,76,67,8.03,
545,Sibiti,CG,-3.6819,13.3499,76.51,70,89,2.26,
546,Sibu,MY,2.3,111.8167,73.71,88,40,6.91,
547,Powell,US,40.1578,-83.0752,84.88,70,75,1.99,
548,Dongsheng,CN,39.8161,109.9776,66.0,59,35,14.54,
549,Kalivai,GR,35.4512,24.1735,73.02,83,20,6.91,
550,Ciudad Bolivar,VE,8.1222,-63.5497,89.19,48,96,7.85,
551,Kapit,MY,2.0167,112.9333,73.45,99,100,1.39,
552,Sakakah,SA,29.9697,40.2064,90.97,13,0,11.61,
553,Baglung,NP,28.2719,83.5898,70.79,97,100,2.42,
554,Carballo,ES,43.213,-8.691,81.09,77,2,13.13,
555,Gazojak,TM,41.1875,61.4036,87.24,16,2,8.79,
556,Waddan,LY,29.1614,16.139,83.93,28,1,14.63,
557,Qandala,SO,11.472,49.8728,91.96,54,97,4.38,
558,Bereda,ES,43.2686,-7.5406,68.88,65,0,9.33,
559,Grand-Santi,GF,4.25,-54.3833,80.64,91,98,0.83,
560,Cambuci,BR,-21.5753,-41.9111,81.84,65,86,4.85,
561,Alihe,CN,50.5667,123.7167,52.38,84,3,2.44,
562,La Macarena,CO,2.1837,-73.7849,84.99,60,70,7.36,
563,San Juan,AR,-31.5375,-68.5364,79.74,40,3,5.95,
564,Sandy Bay,AU,-42.913,147.3532,57.06,94,90,4.0,
565,Angoram,PG,-4.0625,144.0661,71.85,99,37,2.21,
566,Bulgan,MN,48.8125,103.5347,51.67,90,97,2.55,
567,Kisangani,CD,0.5167,25.2,81.72,52,73,1.28,
568,Shimoda,JP,34.6667,138.95,67.15,81,100,1.21,
569,Changying,CN,52.8733,123.3213,49.69,89,2,3.09,
570,Kuvshinovo,RU,57.0295,34.1725,54.52,98,97,6.38,
571,Aracati,BR,-4.5617,-37.7697,87.31,50,16,8.88,
572,Nortelandia,BR,-14.4547,-56.8028,84.56,48,99,5.84,
573,Kurumkan,RU,54.3,110.3,52.43,86,96,3.53,
574,Khamanon,IN,30.8186,76.3508,90.79,35,2,9.8,
575,Vostok,RU,46.4856,135.8833,55.47,99,100,3.02,
576,Taoudenni,ML,22.6783,-3.9836,112.44,6,0,13.33,
577,Gat,IL,31.61,34.7642,77.4,4,0,7.34,
578,Araouane,ML,18.9048,-3.5265,106.52,10,1,0.87,
579,Poum,NC,-20.2333,164.0167,74.79,75,100,14.45,
580,Maracaju,BR,-21.6144,-55.1683,70.7,63,100,6.89,
581,Aguimes,ES,27.9054,-15.4461,79.43,34,0,23.02,
582,Barcelos,PT,41.5388,-8.6151,86.29,47,27,6.04,
583,Baijiantan,CN,45.6333,85.1833,71.67,47,98,16.87,
584,Rosario Do Sul,BR,-30.2583,-54.9142,59.65,46,37,8.59,
585,Merauke,ID,-8.4667,140.3333,78.03,88,61,11.03,
586,Samarai,PG,-10.6167,150.6667,80.15,85,10,10.96,
587,Seinajoki,FI,62.7945,22.8282,72.34,33,11,1.99,
588,Shahrud,IR,36.4182,54.9763,74.86,43,0,11.41,
589,Cotonou,BJ,6.3654,2.4183,80.58,78,20,11.5,
590,Poya,NC,-21.35,165.15,70.2,85,100,5.26,
591,Qinzhou,CN,21.95,108.6167,80.22,87,58,4.99,
592,Berdigestyakh,RU,62.0989,126.6992,47.79,91,33,6.89,
593,Balkanabat,TM,39.5108,54.3671,81.52,45,0,10.96,
594,Petropavlovsk-Kamchatskiy,RU,53.0452,158.6483,54.19,71,75,11.18,
595,Havelock,US,34.8791,-76.9013,90.05,80,95,5.01,
596,Rosetta,EG,31.4044,30.4164,72.99,77,0,9.62,
597,Shwebo,MM,22.5667,95.7,79.54,79,90,12.86,
598,Tobermory,CA,45.2501,-81.6665,57.56,81,100,11.16,
599,Constitucion,CL,-35.3333,-72.4167,63.82,61,53,9.4,
600,Meulaboh,ID,4.1363,96.1285,77.38,86,92,4.23,
601,Sao Miguel,BR,-5.4667,-35.3667,86.77,64,10,17.87,
602,Najran,SA,17.4924,44.1277,90.25,12,55,5.46,
603,Hammerfest,NO,70.6634,23.6821,61.25,82,75,4.61,
604,Quatre Cocos,MU,-20.2078,57.7625,75.31,76,88,20.65,
605,Puerto Escondido,MX,15.85,-97.0667,77.83,69,90,0.0,
606,Carrollton,US,32.9537,-96.8903,91.76,62,40,3.0,
607,Russell,US,32.3502,-85.1999,87.96,72,75,4.61,
608,Deputatskiy,RU,69.3,139.9,45.64,55,43,3.51,
609,Sinnai,IT,39.3042,9.2036,79.25,55,0,6.91,
610,Dhing,IN,26.4667,92.4667,78.26,93,100,3.51,
611,Honningsvag,NO,70.9821,25.9704,51.55,93,75,5.75,
612,Minab,IR,27.1467,57.0801,90.9,68,10,4.85,
613,Iberia,US,29.9502,-91.7507,89.98,62,1,14.97,
614,Ilabaya,PE,-17.4208,-70.5133,75.88,23,47,9.22,
615,Tokur,RU,53.1333,132.9,46.04,98,44,3.8,
616,Prado,BR,-17.3411,-39.2208,76.86,73,47,8.77,
617,Resavica,RS,44.0408,21.5816,57.07,83,28,4.25,
618,Marawi,PH,7.9986,124.2928,66.65,96,100,2.86,
619,Lufilufi,WS,-13.8745,-171.5986,76.78,78,87,20.13,
620,Enid,US,36.3956,-97.8784,99.14,55,40,11.01,
621,Provost,CA,52.3501,-110.2683,66.65,53,99,15.41,
622,Chake Chake,TZ,-5.2459,39.7666,76.93,70,41,15.59,
623,Moroni,KM,-11.7022,43.2551,75.07,75,12,13.69,
624,Antigonish,CA,45.6169,-61.9986,63.14,60,55,1.99,
625,Brignais,FR,45.6736,4.7548,82.8,36,0,11.5,
626,Mataruska Banja,RS,43.6901,20.6109,65.98,72,20,0.0,
627,Fuling,CN,29.7022,107.3919,72.9,88,96,2.75,
628,Belford Roxo,BR,-22.7642,-43.3994,74.91,80,90,6.91,
629,Fonte Boa,BR,-2.4959,-66.2662,88.43,60,87,1.41,
630,Saint Anthony,US,45.0205,-93.218,84.52,54,1,1.99,
631,Yurty,RU,56.0498,97.6348,41.81,65,7,2.1,
632,Kantunilkin,MX,21.0917,-87.45,89.44,39,96,6.06,
633,Mongu,ZM,-15.2484,23.1274,61.41,29,0,6.49,
634,Rabo De Peixe,PT,37.8,-25.5833,67.51,83,75,3.44,
635,Rockford,US,42.2711,-89.094,93.54,43,40,5.75,
636,Victoria Point,AU,-27.5833,153.3,50.92,88,6,5.79,
637,Nha Trang,VN,12.25,109.1833,82.4,71,100,5.53,
638,Totness,SR,5.8833,-56.3167,83.48,65,43,7.56,
639,Inhambane,MZ,-23.865,35.3833,66.18,94,40,3.44,
640,Bayir,TR,37.2687,28.2167,68.52,74,34,2.04,
641,Nadym,RU,65.5333,72.5167,53.06,69,95,9.22,
642,Husavik,IS,66.0449,-17.3389,39.11,98,100,26.08,
643,Pokhara,NP,28.2333,83.9833,72.14,94,99,0.49,
644,Son Tay,VN,21.1378,105.505,82.33,88,100,3.04,
645,Okhansk,RU,57.7186,55.3877,62.67,69,46,3.96,
646,Macedo De Cavaleiros,PT,41.5382,-6.9611,80.31,63,50,6.4,
647,Khasan,RU,42.4308,130.6434,58.3,93,11,4.54,
648,Boueni,YT,-12.9025,45.0761,76.98,66,7,13.0,
649,Nauta,PE,-4.5061,-73.5757,92.95,45,15,2.46,
650,Isoka,ZM,-10.1606,32.6335,57.99,70,0,1.5,
651,Kaupanger,NO,61.1845,7.2404,59.49,87,75,13.8,
652,Krasnoborsk,RU,61.5598,45.934,63.23,51,29,3.65,
653,Telimele,GN,10.9167,-13.3333,80.94,67,100,2.62,
654,Korem,ET,12.5058,39.5228,64.87,23,98,2.1,
655,Inuvik,CA,68.3499,-133.7218,59.76,68,75,9.22,
656,Manama,BH,26.2154,50.5832,98.78,47,1,19.57,
657,Kuju,IN,23.7167,85.5,77.74,83,68,2.98,
658,Shelbyville,US,35.4834,-86.4603,84.25,43,99,8.03,
659,Makokou,GA,0.5738,12.8642,72.09,97,96,1.5,
660,Tutoia,BR,-2.7619,-42.2744,87.78,81,41,6.29,
661,Mahibadhoo,MV,3.7833,72.9667,83.41,74,48,14.88,
662,Cap Malheureux,MU,-19.9842,57.6142,75.69,70,82,13.0,
663,Teahupoo,PF,-17.8333,-149.2667,71.56,84,100,4.05,
664,Auki,SB,-8.7676,160.7034,77.34,88,48,4.83,
665,Narsaq,GL,60.9167,-46.05,48.42,82,100,5.44,
666,Butka,RU,56.7179,63.7866,54.01,65,66,0.87,
667,San Mateo Ixtatan,GT,15.8319,-91.4781,69.35,76,95,2.08,
668,Singkang,MY,2.1006,102.7994,78.69,89,95,2.68,
669,Rawlins,US,41.7911,-107.2387,64.62,15,1,14.97,
670,Morant Bay,JM,17.8815,-76.4093,86.67,68,55,11.63,
671,Karpogory,RU,64.0019,44.4451,66.94,43,72,4.27,
672,Tomatlan,MX,19.9333,-105.25,93.38,36,4,9.48,
673,Yarmouth,US,41.7057,-70.2286,73.45,63,1,9.22,
674,Gizo,SB,-8.103,156.8419,81.18,78,13,7.65,
675,Surt,LY,31.2089,16.5887,72.01,77,0,12.39,clear sky
676,Kapaa,US,22.0752,-159.319,79.12,69,75,4.0,broken clouds
677,Ushuaia,AR,-54.8,-68.3,40.66,75,0,1.14,clear sky
678,Hilo,US,19.7297,-155.09,77.79,76,1,3.44,light rain
679,Luderitz,NA,-26.6481,15.1594,62.8,53,60,3.22,broken clouds
680,Kodiak,US,57.79,-152.4072,49.51,81,90,4.61,overcast clouds
681,Vanimo,PG,-2.6741,141.3028,76.1,89,55,6.04,broken clouds
682,Canico,PT,32.6333,-16.85,80.13,36,20,19.57,few clouds
683,Puerto Ayora,EC,-0.7393,-90.3518,84.16,87,84,7.0,light rain
684,Wagar,SD,16.1525,36.2032,100.74,18,66,4.29,broken clouds
685,Pisco,PE,-13.7,-76.2167,68.05,68,90,17.27,overcast clouds
686,Busselton,AU,-33.65,115.3333,53.1,84,87,3.96,overcast clouds
687,Nanakuli,US,21.3906,-158.1547,78.75,83,1,6.91,clear sky
688,Cape Town,ZA,-33.9258,18.4232,64.11,50,0,9.22,clear sky
689,Punta Arenas,CL,-53.15,-70.9167,41.02,90,0,6.91,clear sky
690,Nyurba,RU,63.2842,118.3319,40.95,79,48,5.5,scattered clouds
691,Georgetown,MY,5.4112,100.3354,82.89,82,20,1.14,few clouds
692,Barrow,US,71.2906,-156.7887,39.22,81,90,8.05,overcast clouds
693,Golyshmanovo,RU,56.3979,68.3728,50.59,76,34,3.96,scattered clouds
694,Bethel,US,41.3712,-73.414,79.81,44,1,1.01,clear sky
695,Albany,US,42.6001,-73.9662,78.31,53,95,1.99,overcast clouds
696,Sorland,NO,67.667,12.6934,53.67,98,100,16.26,overcast clouds
697,Codrington,AU,-38.2667,141.9667,48.24,91,6,5.64,clear sky
698,Nouadhibou,MR,20.931,-17.0347,75.18,69,5,11.5,dust
699,Olafsvik,IS,64.8945,-23.7142,43.34,59,90,15.37,overcast clouds
700,Lasa,IT,46.6166,10.7002,69.71,86,73,5.28,broken clouds
701,Norman Wells,CA,65.282,-126.8329,59.04,67,75,4.61,broken clouds
702,Diego De Almagro,CL,-26.3667,-70.05,81.88,5,0,7.11,clear sky
703,Quang Ngai,VN,15.1167,108.8,77.92,88,100,3.71,moderate rain
704,Talnakh,RU,69.4865,88.3972,34.16,100,100,3.38,light rain
705,Kahului,US,20.8947,-156.47,81.34,65,1,6.91,clear sky
706,Urumqi,CN,43.801,87.6005,61.75,82,0,11.18,clear sky
707,Avera,US,33.194,-82.5271,89.91,64,84,12.01,broken clouds
708,Arraial Do Cabo,BR,-22.9661,-42.0278,75.06,83,75,8.05,broken clouds
709,Solwezi,ZM,-12.1688,26.3894,57.33,54,0,3.09,clear sky
710,Bairiki,KI,1.3292,172.9752,78.8,89,20,6.91,light rain
711,Bluff,NZ,-46.6,168.3333,42.93,87,12,7.0,few clouds
712,Hobart,AU,-42.8794,147.3294,57.02,94,90,3.0,drizzle
713,Cidreira,BR,-30.1811,-50.2056,59.67,55,3,16.17,clear sky
714,Avarua,CK,-21.2078,-159.775,71.65,83,75,9.22,light rain
715,Bredasdorp,ZA,-34.5322,20.0403,54.72,94,75,3.44,broken clouds
716,Westport,US,41.1415,-73.3579,79.61,58,1,1.01,clear sky
717,Erenhot,CN,43.6475,111.9767,72.52,34,68,17.81,broken clouds
718,Atuona,PF,-9.8,-139.0333,78.96,76,15,14.99,light rain
719,Gibara,CU,21.1097,-76.1317,90.72,67,93,10.0,overcast clouds
720,Bambous Virieux,MU,-20.3428,57.7575,75.45,73,75,14.97,broken clouds
721,Camrose,CA,53.0168,-112.8353,63.82,58,0,9.86,clear sky
722,Mar Del Plata,AR,-38.0023,-57.5575,54.12,60,0,8.01,light rain
723,Tuktoyaktuk,CA,69.4541,-133.0374,41.0,87,40,8.05,scattered clouds
724,Longyearbyen,SJ,78.2186,15.6401,37.24,60,75,2.3,broken clouds
725,Sola,VU,-13.8833,167.55,81.27,74,20,11.5,few clouds
726,Butaritari,KI,3.0707,172.7902,82.35,73,44,12.37,light rain
727,Rikitea,PF,-23.1203,-134.9692,75.18,84,91,16.6,overcast clouds
728,Altamont,US,42.2068,-121.7372,60.78,42,90,3.0,overcast clouds
729,Dikson,RU,73.5069,80.5464,31.89,99,100,4.97,overcast clouds
730,Mataura,NZ,-46.1927,168.8643,37.26,95,15,3.15,few clouds
731,Kieta,PG,-6.2167,155.6333,78.85,85,16,5.12,light rain
732,Vilhena,BR,-12.7406,-60.1458,74.59,83,72,6.96,broken clouds
733,Nikolskoye,RU,59.7035,30.7861,71.49,61,100,6.24,light rain
734,Ponta Do Sol,PT,32.6667,-17.1,77.63,61,0,5.64,clear sky
735,Fare,PF,-16.7,-151.0167,76.82,82,97,3.83,moderate rain
736,Nantucket,US,41.2835,-70.0995,68.14,71,1,18.41,clear sky
737,La Paz,BO,-16.5,-68.15,54.77,40,60,11.77,broken clouds
738,Coahuayana,MX,18.7333,-103.6833,89.08,48,100,7.29,overcast clouds
739,Muswellbrook,AU,-32.2667,150.9,45.32,93,97,5.12,overcast clouds
740,Umm Lajj,SA,25.0213,37.2685,87.71,59,0,7.58,clear sky
741,Tigil,RU,57.8,158.6667,43.02,94,100,4.45,overcast clouds
742,Tura,IN,25.5198,90.2201,73.56,97,99,3.96,overcast clouds
743,Pevek,RU,69.7008,170.3133,31.84,90,58,7.38,broken clouds
744,Te Anau,NZ,-45.4167,167.7167,41.07,91,16,1.21,few clouds
745,Fort Saint James,CA,54.4333,-124.25,59.92,36,14,4.83,few clouds
746,Turukhansk,RU,65.8167,87.9833,46.47,99,100,8.63,light rain
747,Saint-Philippe,RE,-21.3585,55.7679,72.99,82,87,18.81,light rain
748,Weligama,LK,5.9667,80.4167,79.59,86,57,10.63,broken clouds
749,Port Alfred,ZA,-33.5906,26.891,68.86,62,8,10.56,clear sky
750,Thompson,CA,55.7435,-97.8558,66.36,52,75,11.5,broken clouds
751,East London,ZA,-33.0153,27.9116,63.54,72,0,4.61,clear sky
752,Tuatapere,NZ,-46.1333,167.6833,42.93,89,8,4.79,clear sky
753,Sobolevo,RU,54.4299,31.8996,58.69,91,86,5.08,overcast clouds
754,Verkhnyaya Inta,RU,65.9811,60.3094,61.39,56,100,10.54,overcast clouds
755,Mumford,GH,5.2618,-0.759,80.78,79,49,15.84,scattered clouds
756,Sao Filipe,CV,14.8961,-24.4956,74.16,83,14,5.46,few clouds
757,Upernavik,GL,72.7868,-56.1549,34.9,94,21,11.72,few clouds
758,Hermanus,ZA,-34.4187,19.2345,63.9,67,93,2.44,overcast clouds
759,New Norfolk,AU,-42.7826,147.0587,56.66,85,100,1.01,overcast clouds
760,Fairbanks,US,64.8378,-147.7164,59.09,69,90,3.44,overcast clouds
761,Vaini,TO,-21.2,-175.2,73.58,61,39,25.7,scattered clouds
762,Chokurdakh,RU,70.6333,147.9167,46.13,55,3,8.34,clear sky
763,Talavera De La Reina,ES,39.9635,-4.8308,90.61,14,29,3.09,scattered clouds
764,Okhotsk,RU,59.3833,143.3,46.45,62,87,3.74,overcast clouds
765,Cabedelo,BR,-6.9811,-34.8339,83.07,73,20,14.92,few clouds
766,Kuala Terengganu,MY,5.3302,103.1408,79.25,81,96,5.14,overcast clouds
767,Dovolnoye,RU,54.4958,79.6671,46.62,78,74,6.46,broken clouds
768,Upington,ZA,-28.4478,21.2561,61.18,39,0,8.05,clear sky
769,Saldanha,ZA,-33.0117,17.9442,57.25,78,73,6.67,broken clouds
770,San Francisco Del Mar,MX,16.2333,-94.65,80.65,71,100,2.62,overcast clouds
771,Rocha,UY,-34.4833,-54.3333,53.2,65,78,12.68,broken clouds
772,San Fernando,PH,15.0286,120.6898,81.14,92,100,1.95,overcast clouds
773,Bom Sucesso,BR,-21.0331,-44.7581,71.49,63,77,8.34,broken clouds
774,Morwa,IN,22.9,73.8333,85.6,64,3,18.99,clear sky
775,Beringovskiy,RU,63.05,179.3167,35.94,99,100,6.31,overcast clouds
776,Korolevo,UA,48.1525,23.1366,73.11,75,62,4.61,light rain
777,Castanos,MX,26.7833,-101.4167,93.72,26,1,6.11,clear sky
778,Jamestown,US,42.097,-79.2353,83.01,56,20,1.01,few clouds
779,Elizabeth City,US,36.2946,-76.2511,84.02,83,75,4.61,broken clouds
780,Lixourion,GR,38.2019,20.4314,75.06,94,20,4.61,few clouds
781,Khatanga,RU,71.9667,102.5,34.88,71,17,0.96,few clouds
782,Hasaki,JP,35.7333,140.8333,63.28,75,100,9.15,overcast clouds
783,Parkes,AU,-33.1333,148.1833,38.16,93,1,6.29,clear sky
784,Mopti,ML,14.6667,-4.0,96.84,38,0,11.5,clear sky
785,Pandan,PH,14.0453,124.1694,79.56,85,100,4.34,overcast clouds
786,Port Elizabeth,ZA,-33.918,25.5701,63.1,82,0,5.75,clear sky
787,Nanortalik,GL,60.1432,-45.2371,36.75,96,99,1.43,overcast clouds
788,Salem,IN,11.65,78.1667,78.1,74,99,4.09,overcast clouds
789,Novaya Igirma,RU,57.1334,103.9112,40.91,62,49,2.98,scattered clouds
790,Merritt Island,US,28.5392,-80.672,98.15,55,75,8.05,broken clouds
791,Karratha,AU,-20.7377,116.8463,73.56,70,100,8.81,overcast clouds
792,Victor Harbor,AU,-35.5667,138.6167,57.29,90,90,6.15,overcast clouds
793,Roald,NO,62.5833,6.1333,61.16,94,75,13.8,light intensity drizzle
794,Nome,US,64.5011,-165.4064,42.87,87,90,10.36,mist
795,Buraydah,SA,26.326,43.975,90.52,13,0,14.12,clear sky
796,Carnarvon,AU,-24.8667,113.6333,60.87,74,75,5.75,broken clouds
797,Salalah,OM,17.0151,54.0924,84.29,89,20,9.22,few clouds
798,Souillac,MU,-20.5167,57.5167,75.58,73,75,14.97,broken clouds
799,Labuhan,ID,-6.8844,112.2051,78.12,86,16,6.87,few clouds
800,Rio Bueno,CL,-40.3167,-72.9667,57.34,85,96,6.06,overcast clouds
801,Atbasar,KZ,51.8,68.3333,55.56,46,18,8.39,few clouds
802,Chuy,UY,-33.6971,-53.4616,54.32,60,65,11.56,broken clouds
803,Kichera,RU,55.9375,110.0997,49.44,80,100,4.94,overcast clouds
804,Vaijapur,IN,19.9167,74.7333,79.77,70,20,11.99,few clouds
805,Solnechnyy,RU,50.7214,136.6319,55.35,98,100,2.95,overcast clouds
806,Bondoukou,CI,8.0333,-2.8,80.85,66,97,3.89,light rain
807,Kohima,IN,25.6667,94.1167,65.14,98,100,2.98,overcast clouds
808,Brive-La-Gaillarde,FR,45.25,1.5,81.28,63,69,2.26,broken clouds
809,Iqaluit,CA,63.7506,-68.5145,42.53,65,20,10.0,few clouds
810,Thinadhoo,MV,0.5333,72.9333,83.95,74,34,12.84,scattered clouds
811,Evensk,RU,61.95,159.2333,46.78,71,94,7.45,overcast clouds
812,Bolobo,CD,-2.1667,16.2333,81.01,47,92,1.3,overcast clouds
813,Klaksvik,FO,62.2266,-6.589,49.12,86,87,24.74,overcast clouds
814,Yellowknife,CA,62.456,-114.3525,52.32,100,90,10.36,mist
815,Vardo,NO,70.3705,31.1107,68.2,82,99,11.5,overcast clouds
816,Gualaquiza,EC,-3.4,-78.55,71.37,91,77,2.26,moderate rain
817,Hithadhoo,MV,-0.6,73.0833,83.97,73,64,10.51,broken clouds
818,Flin Flon,CA,54.7682,-101.865,55.24,94,90,8.05,mist
819,Castro,BR,-24.7911,-50.0119,63.21,69,74,7.54,broken clouds
820,Concordia,AR,-31.393,-58.0209,60.87,51,0,4.0,clear sky
821,Kavieng,PG,-2.5744,150.7967,81.77,80,24,15.84,light rain
822,Wairoa,NZ,-39.0333,177.3667,48.6,99,66,1.99,broken clouds
823,Oxbow,CA,49.2333,-102.1676,54.64,96,100,38.14,moderate rain
824,Aksay,RU,47.26,39.87,66.42,90,9,4.85,clear sky
825,Elliot,ZA,-31.3333,27.85,50.65,56,1,7.27,clear sky
826,Hamilton,US,39.1834,-84.5333,89.74,68,75,1.99,broken clouds
827,Makaryev,RU,57.8797,43.8069,60.93,67,29,5.64,scattered clouds
828,Maceio,BR,-9.6658,-35.7353,81.84,65,20,10.36,few clouds
829,Palm Coast,US,29.585,-81.2078,95.09,59,40,1.99,scattered clouds
830,Saskylakh,RU,71.9167,114.0833,36.73,94,100,18.34,overcast clouds
831,Ballina,AU,-28.8667,153.5667,49.95,84,8,7.49,clear sky
832,Inirida,CO,3.8653,-67.9239,87.42,59,80,3.04,broken clouds
833,Daru,PG,-9.0763,143.2092,78.66,87,72,10.36,broken clouds
834,Ende,ID,-8.8432,121.6623,74.8,87,45,1.43,scattered clouds
835,Padang,ID,-0.9492,100.3543,78.13,81,94,2.86,overcast clouds
836,Fergus Falls,US,46.283,-96.0776,75.92,81,75,5.01,broken clouds
837,East Hemet,US,33.74,-116.9389,91.27,24,0,1.99,clear sky
838,Hualmay,PE,-11.0964,-77.6139,69.37,69,49,10.98,scattered clouds
839,Rujiena,LV,57.8975,25.3316,64.6,61,73,4.23,broken clouds
840,Moindou,NC,-21.6924,165.677,66.15,82,100,5.79,moderate rain
841,Asau,RO,46.4333,26.4,65.32,87,100,2.42,overcast clouds
842,Murray Bridge,AU,-35.1167,139.2667,55.56,83,73,6.44,broken clouds
843,Shingu,JP,33.7333,135.9833,71.91,90,100,2.57,heavy intensity rain
844,Aksu,CN,41.1231,80.2644,78.85,23,83,10.0,broken clouds
845,Verkhnevilyuysk,RU,63.4453,120.3167,41.32,91,84,5.61,broken clouds
846,Nacogdoches,US,31.6002,-94.6335,89.24,63,75,9.22,broken clouds
847,Ambulu,ID,-8.345,113.6058,75.88,85,80,3.31,broken clouds
848,Adrar,MR,20.5022,-10.0711,109.27,8,33,1.95,scattered clouds
849,Tasiilaq,GL,65.6145,-37.6368,42.96,93,100,3.27,overcast clouds
850,Klyuchi,RU,52.2667,79.1667,53.98,54,78,7.96,broken clouds
851,Libertador General San Martin,AR,-23.8064,-64.7876,75.58,41,3,4.7,clear sky
852,San Cristobal,VE,7.7669,-72.225,82.58,68,89,6.8,overcast clouds
853,Barra,BR,-11.0894,-43.1417,88.61,35,27,7.31,scattered clouds
854,Airai,TL,-8.9266,125.4092,56.46,89,24,2.66,few clouds
855,Punta Cardon,VE,11.6581,-70.215,85.77,60,95,9.53,overcast clouds
856,Cockburn Town,TC,21.4612,-71.1419,84.16,65,40,11.5,scattered clouds
857,Beloha,MG,-25.1667,45.05,67.44,81,2,12.08,clear sky
858,Sunrise Manor,US,36.2111,-115.0731,90.19,4,1,14.97,clear sky
859,Rosario,AR,-32.9468,-60.6393,66.81,30,0,4.0,clear sky
860,Srednekolymsk,RU,67.45,153.6833,43.74,64,12,3.18,few clouds
861,Emerald,AU,-23.5333,148.1667,47.16,39,0,3.18,clear sky
862,Touros,BR,-5.1989,-35.4608,86.9,66,9,16.4,clear sky
863,Chegdomyn,RU,51.1167,133.0167,54.05,97,99,1.39,overcast clouds
864,Bathsheba,BB,13.2167,-59.5167,86.61,58,20,13.8,few clouds
865,Mapastepec,MX,15.4333,-92.9,84.79,66,100,4.25,overcast clouds
866,Virginia Beach,US,36.8529,-75.978,84.11,86,90,3.44,overcast clouds
867,Camacha,PT,33.0833,-16.3333,75.96,77,40,14.97,scattered clouds
868,Choix,MX,26.7092,-108.3219,100.02,21,12,6.96,few clouds
869,Port Hardy,CA,50.6996,-127.4199,55.69,66,100,19.04,overcast clouds
870,Pilar,BR,-9.5972,-35.9567,80.53,71,81,7.29,broken clouds
871,Sao Joao Da Barra,BR,-21.6403,-41.0511,82.49,78,17,6.33,few clouds
872,Puerto Boyaca,CO,5.9758,-74.5885,90.66,52,64,3.06,broken clouds
873,Assiniboia,CA,49.6334,-105.9845,58.91,62,100,28.77,overcast clouds
874,Esperance,AU,-33.8667,121.9,58.84,84,100,6.93,overcast clouds
875,Torbay,CA,47.6666,-52.7314,52.57,62,75,17.27,broken clouds
876,Tshikapa,CD,-6.4167,20.8,80.1,39,30,4.38,scattered clouds
877,Alice Springs,AU,-23.7,133.8833,45.95,34,27,5.75,scattered clouds
878,Iralaya,HN,15.0,-83.2333,84.29,84,99,11.54,overcast clouds
879,Sawakin,SD,19.1059,37.3321,92.55,39,31,7.94,scattered clouds
880,Leningradskiy,RU,69.3833,178.4167,32.92,93,100,5.19,overcast clouds
881,Chicama,PE,-7.8447,-79.1469,66.74,63,18,10.04,few clouds
882,Phibun Mangsahan,TH,15.2447,105.2291,76.66,89,100,6.35,overcast clouds
883,Zhigansk,RU,66.7697,123.3711,45.46,86,100,17.16,light rain
884,Ribeira Grande,PT,38.5167,-28.7,73.8,78,40,6.91,scattered clouds
885,Boende,CD,-0.2167,20.8667,80.56,57,74,1.79,broken clouds
886,Faanui,PF,-16.4833,-151.75,76.37,85,99,8.14,moderate rain
887,Ancud,CL,-41.8697,-73.8203,57.42,94,100,18.7,overcast clouds
888,Muroto,JP,33.2833,134.15,73.31,81,100,8.68,overcast clouds
889,Sao Miguel Do Araguaia,BR,-13.275,-50.1628,91.99,29,72,3.31,broken clouds
890,Ranong,TH,9.9658,98.6348,78.4,85,100,10.4,overcast clouds
891,Ambon,ID,-3.6954,128.1814,80.28,84,69,7.36,light rain
892,Chapleau,CA,47.8405,-83.4034,64.49,59,75,11.5,broken clouds
893,Utiel,ES,39.5667,-1.2,74.3,45,1,13.91,clear sky
894,Kang,BW,-23.6752,22.7876,59.14,38,0,6.89,clear sky
895,Altay,CN,47.8667,88.1167,53.64,87,86,2.55,overcast clouds
896,Danielskuil,ZA,-28.1887,23.5395,56.37,48,38,10.58,scattered clouds
897,Houma,US,29.5958,-90.7195,91.0,64,40,5.75,scattered clouds
898,Maarianhamina,AX,60.0973,19.9348,64.26,82,0,13.8,clear sky
899,Lorengau,PG,-2.0226,147.2712,80.28,83,84,9.57,broken clouds
900,Tsurib,RU,42.2368,46.8307,52.81,93,82,1.34,broken clouds
901,Asfi,MA,32.2994,-9.2372,70.25,74,97,17.65,overcast clouds
902,Cairns,AU,-16.9167,145.7667,69.75,85,90,8.05,overcast clouds
903,Aklavik,CA,68.2191,-135.0107,59.72,81,75,8.05,light rain
904,Kondinskoye,RU,59.6481,67.41,59.11,54,63,6.26,broken clouds
905,Tabou,CI,4.423,-7.3528,77.68,86,100,1.57,overcast clouds
906,Eskil,TR,38.4017,33.4131,70.0,46,43,8.88,light rain
907,Ararat,AM,39.8317,44.7049,75.54,28,10,5.95,clear sky
908,Cabo San Lucas,MX,22.8909,-109.9124,100.51,74,1,9.22,clear sky
909,Santa Marta,CO,11.2408,-74.199,93.34,74,35,10.18,scattered clouds
910,Victoria,HK,22.2855,114.1577,83.32,89,60,1.99,light rain
911,Adre,TD,13.4667,22.2,89.67,31,84,13.02,broken clouds
912,Santiago Del Estero,AR,-27.7951,-64.2615,72.75,44,4,6.26,clear sky
913,Sibut,CF,5.718,19.0739,81.25,62,96,2.62,overcast clouds
914,Sitka,US,57.0531,-135.33,55.29,67,75,3.44,broken clouds
915,Broken Hill,AU,-31.95,141.4333,54.23,65,100,5.7,overcast clouds
916,Severo-Kurilsk,RU,50.6789,156.125,47.05,80,100,5.59,overcast clouds
917,Mahina,PF,-17.5065,-149.489,76.77,88,75,8.05,moderate rain
918,Tiksi,RU,71.6872,128.8694,48.9,72,100,9.48,overcast clouds
919,Panalingaan,PH,8.7842,117.4231,80.42,80,100,6.04,overcast clouds
920,Qaanaaq,GL,77.484,-69.3632,39.6,82,92,5.23,overcast clouds
921,Leh,IN,34.1667,77.5833,57.49,27,12,5.82,few clouds
922,Berlevag,NO,70.8578,29.0864,64.35,72,75,16.11,light rain
923,Along,IN,28.1667,94.7667,74.61,96,99,0.87,overcast clouds
924,Serenje,ZM,-13.2325,30.2352,54.1,67,16,6.44,few clouds
925,Abu Samrah,SY,35.3029,37.1841,70.43,57,0,17.16,clear sky
926,Vao,NC,-22.6667,167.4833,72.63,74,100,13.58,light rain
927,Lebu,CL,-37.6167,-73.65,59.07,78,97,2.98,overcast clouds
928,Staryy Nadym,RU,65.6118,72.6842,53.13,67,98,7.92,overcast clouds
929,Gusinoye Ozero,RU,51.1144,106.2614,49.73,81,79,4.94,broken clouds
930,Kayes,ML,14.0,-11.0,93.96,37,90,3.96,overcast clouds
931,Kaitangata,NZ,-46.2817,169.8464,38.79,93,25,3.83,scattered clouds
932,Bandiagara,ML,14.3501,-3.6104,95.43,50,93,32.06,overcast clouds
933,Menongue,AO,-14.6585,17.691,58.68,30,1,5.48,clear sky
934,Sangar,RU,63.9242,127.4739,49.21,84,83,10.96,broken clouds
935,Takoradi,GH,4.8845,-1.7554,79.9,82,53,10.51,broken clouds
936,Kysyl-Syr,RU,63.8986,122.7617,46.06,96,100,6.35,overcast clouds
937,Podgornoye,RU,51.735,39.1496,62.82,88,75,4.47,broken clouds
938,Laguna,US,38.421,-121.4238,77.65,38,1,3.0,clear sky
939,Nenjiang,CN,49.1833,125.2167,59.23,74,11,2.59,few clouds
940,Tianpeng,CN,30.9866,103.9393,78.64,63,100,0.43,moderate rain
941,Atar,MR,20.5169,-13.0499,108.03,10,77,12.77,broken clouds
942,Praia Da Vitoria,PT,38.7333,-27.0667,71.85,78,75,2.68,broken clouds
943,Goderich,CA,43.7501,-81.7165,83.21,57,31,5.75,scattered clouds
944,Zambezi,ZM,-13.5432,23.1047,62.01,34,26,5.46,scattered clouds
945,Kibala,TD,9.1104,18.3463,89.55,58,0,0.0,clear sky
946,Vyatskiye Polyany,RU,56.226,51.0656,58.3,94,38,8.99,scattered clouds
947,San Patricio,US,28.017,-97.5169,92.07,51,0,15.01,clear sky
948,Santiago,CL,-33.4569,-70.6483,74.64,44,0,0.0,clear sky
949,Tommot,RU,58.9564,126.2925,46.22,94,28,0.72,scattered clouds
950,Chara,RU,56.9064,118.2631,52.47,89,98,4.83,light rain
951,Pankrushikha,RU,53.8319,80.3406,47.46,77,96,6.93,overcast clouds
952,Kruisfontein,ZA,-34.0033,24.7314,60.89,48,56,3.29,broken clouds
953,New London,US,41.4834,-72.0662,81.03,52,1,1.99,clear sky
954,Kushima,JP,31.4583,131.2333,72.12,97,100,6.64,moderate rain
955,Novyy Urengoy,RU,66.0833,76.6333,49.98,70,94,13.87,overcast clouds
956,Provideniya,RU,64.3833,-173.3,39.78,92,100,9.57,light rain
957,Itajai,BR,-26.9078,-48.6619,78.31,50,40,11.5,scattered clouds
958,Dunedin,NZ,-45.8742,170.5036,42.8,92,6,4.14,clear sky
959,Lata,PT,40.1629,-8.3327,76.35,48,34,7.72,scattered clouds
960,Yamada,JP,39.4667,141.95,60.15,88,100,9.24,overcast clouds
961,Jumla,NP,29.2747,82.1838,60.28,96,96,1.32,overcast clouds
962,Mehamn,NO,71.0357,27.8492,64.31,89,100,6.49,moderate rain
963,Yar-Sale,RU,66.8333,70.8333,52.36,68,95,5.95,overcast clouds
964,Slave Lake,CA,55.2834,-114.769,58.98,58,1,12.66,clear sky
965,Timaru,NZ,-44.4,171.25,46.08,97,2,5.06,clear sky
966,Aksarka,RU,66.5606,67.7975,57.7,64,100,10.4,overcast clouds
967,Saint George,US,37.1041,-113.5841,84.34,9,1,1.01,clear sky
968,Denpasar,ID,-8.65,115.2167,78.46,89,20,3.44,few clouds
969,Tocopilla,CL,-22.092,-70.1979,67.51,66,13,2.91,few clouds
970,Sulphur,US,30.2366,-93.3774,90.21,63,40,11.5,scattered clouds
971,Comodoro Rivadavia,AR,-45.8667,-67.5,57.06,72,75,10.36,light rain
972,Coolum Beach,AU,-26.5333,153.1,48.34,77,0,4.38,clear sky
973,Kavaratti,IN,10.5669,72.642,83.59,77,100,18.32,overcast clouds
974,Santo Domingo,DO,18.5001,-69.9886,87.48,77,75,4.0,broken clouds
975,Milicz,PL,51.5277,17.2714,73.53,67,42,2.17,scattered clouds
976,Punto Fijo,VE,11.6956,-70.1996,86.95,57,96,10.09,overcast clouds
977,Kulhudhuffushi,MV,6.6221,73.07,82.74,77,72,17.09,broken clouds
978,Kamina,CD,-8.7386,24.9906,68.47,49,65,4.29,broken clouds
979,Mount Isa,AU,-20.7333,139.5,37.17,56,1,0.0,clear sky
980,Isabela,PH,6.7085,121.9711,77.83,81,89,2.71,overcast clouds
981,Mahebourg,MU,-20.4081,57.7,75.49,73,75,14.97,broken clouds
982,Zhangye,CN,38.9342,100.4517,68.68,42,74,8.72,broken clouds
983,Fortuna,US,40.5982,-124.1573,61.66,65,90,4.0,overcast clouds
984,Dire Dawa,ET,9.5931,41.8661,76.53,59,99,17.25,overcast clouds
985,Ayan,RU,56.45,138.1667,42.89,84,100,13.31,overcast clouds
986,Makakilo City,US,21.3469,-158.0858,77.32,78,1,6.91,clear sky
987,Paso De Los Toros,UY,-32.8167,-56.5167,57.54,50,71,10.31,broken clouds
988,Bubaque,GW,11.2833,-15.8333,78.64,83,87,4.92,moderate rain
989,Listvyanskiy,RU,54.4399,83.4984,47.19,79,81,8.1,broken clouds
990,Vallenar,CL,-28.5708,-70.7581,84.96,6,1,3.29,clear sky
991,Cayenne,GF,4.9333,-52.3333,84.09,77,90,1.01,overcast clouds
992,Cherskiy,RU,68.75,161.3,36.73,71,16,6.6,few clouds
993,Scarborough,GB,54.2797,-0.4044,65.79,63,66,4.0,broken clouds
994,Fort Nelson,CA,58.8053,-122.7002,53.82,84,100,5.68,light rain
995,Tiarei,PF,-17.5333,-149.3333,77.02,84,100,7.34,moderate rain
996,Kungurtug,RU,50.5994,97.5228,51.04,92,87,1.45,overcast clouds
997,Paamiut,GL,61.994,-49.6678,37.47,83,100,2.35,overcast clouds
998,Rawson,AR,-43.3002,-65.1023,63.55,49,61,19.19,broken clouds
999,Yulara,AU,-25.2406,130.9889,46.24,42,75,2.3,broken clouds
1000,Masvingo,ZW,-20.0637,30.8277,54.59,57,5,5.01,clear sky
1001,Gamba,GA,-2.65,10.0,76.33,88,75,5.14,broken clouds
1002,Geraldton,AU,-28.7667,114.6,59.41,100,90,6.91,light rain
1003,Nieuw Amsterdam,SR,5.8833,-55.0833,84.36,80,40,6.91,scattered clouds
1004,Aberfeldy,GB,56.62,-3.8645,62.89,65,93,8.97,overcast clouds
1005,Itarema,BR,-2.9248,-39.9167,83.7,66,45,14.23,scattered clouds
1006,Ahipara,NZ,-35.1667,173.1667,55.78,91,78,6.62,broken clouds
1007,Kampene,CD,-3.6,26.6667,74.75,60,23,0.67,few clouds
1008,Ormara,PK,25.2088,64.6357,84.07,83,9,17.31,clear sky
1009,Belyy Yar,RU,53.6039,91.3903,51.69,54,0,8.95,clear sky
1010,Lagoa,PT,39.05,-27.9833,67.57,80,69,2.51,broken clouds
1011,Raudeberg,NO,61.9875,5.1352,58.6,94,99,17.05,moderate rain
1012,Sabang,ID,5.8933,95.3214,83.55,74,100,18.43,overcast clouds
1013,Mbekenyera,TZ,-10.0,38.9833,67.46,70,67,5.44,broken clouds
1014,Ixtapa,MX,20.7,-105.2,88.83,58,1,6.91,clear sky
1015,Mayo,US,38.8876,-76.5119,70.95,96,90,11.01,mist
1016,Port Lincoln,AU,-34.7333,135.8667,52.61,80,70,7.0,broken clouds
1017,Ampanihy,MG,-24.7,44.75,66.36,82,5,9.35,clear sky
1018,Bengkulu,ID,-3.8004,102.2655,76.33,86,96,3.78,overcast clouds
1019,Viedma,AR,-40.8135,-62.9967,65.86,43,99,14.67,overcast clouds
1020,Ossora,RU,59.2353,163.0719,45.32,88,100,3.62,overcast clouds
1021,Shadrinsk,RU,56.0852,63.6335,56.77,61,48,4.21,scattered clouds
1022,Soure,BR,-0.7167,-48.5233,76.23,90,100,5.93,overcast clouds
1023,Miraflores,MX,19.2167,-98.8083,66.87,53,98,1.88,overcast clouds
1024,Havre,FR,49.5833,0.3333,73.83,82,63,10.36,broken clouds
1025,Kamenka,RU,51.3223,42.7678,63.03,79,16,4.59,few clouds
1026,Clyde River,CA,70.4692,-68.5914,41.23,70,20,27.63,few clouds
1027,Plymouth,US,41.8334,-70.8328,76.75,53,1,1.01,clear sky
1028,Bowen,AU,-20.0167,148.2333,59.95,68,10,6.62,clear sky
1029,Pangnirtung,CA,66.1451,-65.7125,39.2,81,20,12.66,few clouds
1030,Oranjestad,AW,12.524,-70.027,89.55,58,75,21.85,broken clouds
1031,Sarkand,KZ,45.41,79.9186,55.9,79,28,4.47,scattered clouds
1032,Sibolga,ID,1.7427,98.7792,76.91,87,40,3.2,scattered clouds
1033,Brigantine,US,39.4101,-74.3646,67.03,86,90,14.97,light rain
1034,Churapcha,RU,62.0025,132.4325,49.53,59,0,3.69,clear sky
1035,Ashqelon,IL,31.6693,34.5715,78.4,67,0,8.57,clear sky
1036,Lensk,RU,60.7253,114.9278,41.4,96,53,4.14,broken clouds
1037,Usinsk,RU,65.9939,57.5281,67.19,43,94,9.33,overcast clouds
1038,Kostomuksha,RU,64.571,30.5767,68.88,36,0,8.46,clear sky
1039,Cajaruro,PE,-5.7364,-78.4256,85.73,58,49,4.59,light rain
1040,Kenora,CA,49.8167,-94.4337,71.58,88,90,16.11,overcast clouds
1041,Batagay,RU,67.6333,134.6333,51.4,61,80,6.6,broken clouds
1042,Yamethin,MM,20.4333,96.15,75.24,91,100,10.98,overcast clouds
1043,Makat,KZ,47.6469,53.3463,76.62,52,95,8.93,overcast clouds
1044,Lavrentiya,RU,65.5833,-171.0,36.16,98,100,5.57,overcast clouds
1045,Skjervoy,NO,70.0311,20.9714,57.2,95,100,7.54,light rain
1046,Tsabong,BW,-26.0217,22.401,66.22,32,0,6.76,clear sky
1047,Maloy,NO,61.9353,5.1136,59.99,94,99,15.97,light rain
1048,Creteni,RO,44.6833,24.1833,61.14,87,50,4.25,scattered clouds
1049,Manyana,BW,-23.4,21.7167,59.61,36,1,8.5,clear sky
1050,Ostrovnoy,RU,68.0531,39.5131,69.31,44,24,22.12,few clouds
1051,Taltal,CL,-25.4,-70.4833,67.32,61,8,3.78,clear sky
1052,Grants,US,35.1473,-107.8514,82.63,7,1,10.36,clear sky
1053,Sinop,TR,41.7711,34.8709,56.77,84,69,2.55,broken clouds
1054,Umaria,IN,23.5333,80.8333,80.56,73,91,3.02,overcast clouds
1055,Vila,PT,42.0304,-8.1588,75.74,46,34,7.38,scattered clouds
1056,Peniche,PT,39.3558,-9.3811,71.89,85,5,11.68,clear sky
1057,Ginir,ET,7.1333,40.7,59.67,79,22,10.6,few clouds
1058,Coquimbo,CL,-29.9533,-71.3436,62.33,67,0,8.05,clear sky
1059,Tilichiki,RU,60.4667,166.1,42.98,80,98,3.42,overcast clouds
1060,Havre-Saint-Pierre,CA,50.2334,-63.5986,52.16,58,90,19.57,overcast clouds
1061,Faya,SA,18.3851,42.4509,77.11,54,98,15.17,overcast clouds
1062,Arona,ES,28.0996,-16.681,77.52,44,0,8.01,clear sky
1063,Kupang,ID,-10.1667,123.5833,75.07,85,7,8.7,clear sky
1064,Waipawa,NZ,-41.4122,175.5153,49.1,92,90,1.07,overcast clouds
1065,Hofn,IS,64.2539,-15.2082,53.62,50,0,29.93,clear sky
1066,Tessalit,ML,20.1986,1.0114,107.24,7,21,11.7,few clouds
1067,Portland,US,45.5234,-122.6762,59.85,84,100,3.0,light rain
1068,Falmouth,GB,50.1544,-5.0711,63.79,100,90,10.36,fog
1069,Haines Junction,CA,60.7522,-137.5108,66.15,27,37,10.36,scattered clouds
1070,Bontang,ID,0.1333,117.5,77.02,88,72,4.41,broken clouds
1071,Algeciras,ES,36.1333,-5.4505,74.88,64,0,9.22,clear sky
1072,Pankovka,RU,58.5,31.1999,54.63,96,100,2.1,light rain
1073,Snyder,US,32.7179,-100.9176,93.54,52,1,14.97,clear sky
1074,Kirakira,SB,-10.4544,161.9205,78.66,86,45,8.32,scattered clouds
1075,Garmsar,IR,35.2182,52.3409,91.89,5,0,5.48,clear sky
1076,Koceljeva,RS,44.4736,19.8117,67.6,88,39,5.21,scattered clouds
1077,Ocotepec,MX,17.2167,-93.15,69.87,70,98,2.1,overcast clouds
1078,Kilgore,US,32.3863,-94.8758,89.02,58,75,16.11,broken clouds
1079,Moron,AR,-34.6534,-58.6198,61.02,41,96,5.99,overcast clouds
1080,Arsk,RU,56.0915,49.8778,67.78,91,49,8.88,scattered clouds
1081,Lugovoy,KZ,42.9472,72.7644,66.31,46,42,7.85,scattered clouds
1082,Namanga,KE,-2.5433,36.7905,65.98,59,37,3.71,scattered clouds
1083,Azuaga,ES,38.2667,-5.6833,87.96,24,1,14.74,clear sky
1084,Storforshei,NO,66.4043,14.5233,58.78,87,75,3.44,light intensity drizzle rain
1085,Roebourne,AU,-20.7833,117.1333,73.63,71,99,8.52,overcast clouds
1086,Sinnamary,GF,5.3833,-52.95,80.74,81,91,7.76,overcast clouds
1087,Bargur,IN,12.5424,78.3539,79.02,60,100,13.15,overcast clouds
1088,Urengoy,RU,65.9667,78.3667,48.25,88,98,9.64,overcast clouds
1089,Porto Murtinho,BR,-21.6989,-57.8825,78.33,39,74,7.83,broken clouds
1090,Petawawa,CA,45.9001,-77.3328,69.39,49,100,3.44,overcast clouds
1091,Hakodate,JP,41.7758,140.7367,60.93,87,100,2.77,overcast clouds
1092,Caravelas,BR,-17.7125,-39.2481,77.25,71,52,6.46,broken clouds
1093,Copiapo,CL,-27.3667,-70.3333,58.69,6,4,5.37,clear sky
1094,Sa Kaeo,TH,13.75,102.3333,76.48,86,96,11.43,overcast clouds
1095,Providencia,MX,28.7167,-111.5833,103.28,16,5,1.01,clear sky
1096,Tual,ID,-5.6667,132.75,81.12,82,33,17.25,heavy intensity rain
1097,Necochea,AR,-38.5473,-58.7368,60.04,44,100,14.27,overcast clouds
1098,Sechura,PE,-5.5569,-80.8222,78.28,57,26,11.1,scattered clouds
1099,Mitsamiouli,KM,-11.3847,43.2844,77.58,66,7,10.67,clear sky
1100,Muchkapskiy,RU,51.8513,42.4717,62.87,83,68,5.14,broken clouds
1101,Imatra,FI,61.1719,28.7524,70.18,62,49,7.09,scattered clouds
1102,Hay River,CA,60.8156,-115.7999,40.98,100,90,5.75,light rain
1103,Ilulissat,GL,69.2167,-51.1,39.22,70,75,5.75,broken clouds
1104,San Policarpo,PH,12.1791,125.5072,77.49,89,100,5.84,overcast clouds
1105,Sisimiut,GL,66.9395,-53.6735,39.87,73,32,7.27,scattered clouds
1106,Riyadh,SA,24.6877,46.7219,100.45,8,0,13.8,dust
1107,Thanh Hoa,VN,19.8,105.7667,78.73,90,92,3.62,overcast clouds
1108,Husainabad,IN,24.5333,84.0167,86.72,60,97,8.88,overcast clouds
1109,Los Llanos De Aridane,ES,28.6585,-17.9182,74.95,41,0,13.8,clear sky
1110,Vila Praia De Ancora,PT,41.811,-8.8526,86.49,53,21,15.01,few clouds
1111,Porto Novo,BJ,6.4965,2.6036,80.42,78,99,7.96,light rain
1112,Las Lomas,PA,8.4333,-82.4,84.27,70,22,7.18,few clouds
1113,Gushikawa,JP,26.3544,127.8686,78.8,90,1,3.44,clear sky
1114,Ithaki,GR,38.3642,20.7185,74.77,75,6,10.96,clear sky
1115,Doha,QA,25.2867,51.5333,94.98,31,0,12.66,clear sky
1116,Bay Roberts,CA,47.5999,-53.2648,53.35,77,93,6.35,overcast clouds
1117,Sambava,MG,-14.2667,50.1667,73.36,78,39,10.51,scattered clouds
1118,Bogorodskoye,RU,56.55,37.8833,57.94,92,99,5.5,overcast clouds
1119,Korla,CN,41.7597,86.1469,69.57,49,46,4.27,scattered clouds
1120,Capitan Bado,PY,-23.2667,-55.5333,70.47,56,29,8.28,scattered clouds
1121,Kapiri Mposhi,ZM,-13.9652,28.6809,55.67,53,0,6.67,clear sky
1122,Port Blair,IN,11.6667,92.75,83.37,80,100,19.8,overcast clouds
1123,Zaragoza,ES,41.6561,-0.8773,81.05,64,40,8.99,scattered clouds
1124,Boyolangu,ID,-8.1181,111.8935,75.72,87,81,2.26,broken clouds
1125,Muros,ES,42.7762,-9.0603,84.24,61,0,16.15,clear sky
1126,Grafenau,DE,48.8577,13.3974,68.18,69,69,0.72,broken clouds
1127,Antalaha,MG,-14.9003,50.2788,72.59,81,83,8.59,broken clouds
1128,Mogadishu,SO,2.0371,45.3438,78.24,79,43,18.84,scattered clouds
1129,San Andres,CO,12.5847,-81.7006,87.82,70,40,9.22,scattered clouds
1130,Tevaitoa,PF,-16.7833,-151.5,74.8,89,95,8.93,moderate rain
1131,Bandarbeyla,SO,9.4942,50.8122,79.18,81,78,32.53,broken clouds
1132,Veraval,IN,20.9,70.3667,85.42,79,4,15.3,clear sky
1133,Katherine,AU,-14.4667,132.2667,53.92,66,24,8.05,few clouds
1134,Half Moon Bay,US,37.4636,-122.4286,73.58,55,1,5.75,clear sky
1135,Santa Rosa,PH,14.3122,121.1114,81.1,89,100,2.17,moderate rain
1136,Ustka,PL,54.5805,16.8619,62.83,86,66,6.42,broken clouds
1137,Locri,IT,38.2414,16.2623,76.91,73,27,5.37,scattered clouds
1138,Gaeta,IT,41.2183,13.5628,74.77,85,92,4.99,moderate rain
1139,Ponta Delgada,PT,37.7333,-25.6667,68.72,83,75,3.44,broken clouds
1140,Riacho De Santana,BR,-13.6092,-42.9389,88.59,27,70,6.91,broken clouds
1141,Hirara,JP,24.8,125.2833,81.91,84,98,11.83,overcast clouds
1142,Taos,US,36.4072,-105.5731,88.21,11,1,1.99,clear sky
1143,Kautokeino,NO,69.0125,23.0412,68.52,51,100,29.21,overcast clouds
1144,Marsa Matruh,EG,31.3525,27.2453,73.11,76,3,10.36,clear sky
1145,Kloulklubed,PW,7.0419,134.2556,79.3,77,98,9.6,overcast clouds
1146,Tairua,NZ,-37.0167,175.85,56.08,87,82,1.57,broken clouds
1147,Maniitsoq,GL,65.4167,-52.9,37.24,82,82,2.93,broken clouds
1148,Puerto Baquerizo Moreno,EC,-0.9,-89.6,77.99,78,40,18.41,scattered clouds
1149,Yelizovo,RU,53.1873,158.3805,55.54,71,75,11.18,light rain
1150,Flinders,AU,-34.5833,150.8552,54.25,70,3,7.0,clear sky
1151,Oranjemund,NA,-28.55,16.4333,61.66,54,48,0.49,scattered clouds
1152,Celestun,MX,20.8667,-90.4,86.83,59,100,6.15,overcast clouds
1153,Yumen,CN,40.2833,97.2,74.08,21,89,7.4,overcast clouds
1154,Pundaguitan,PH,6.3711,126.1689,82.36,75,95,8.97,overcast clouds
1155,Egvekinot,RU,66.3167,-179.1667,38.41,77,99,0.51,overcast clouds
1156,Raymondville,US,26.4815,-97.7831,93.9,46,54,14.23,broken clouds
1157,Angoche,MZ,-16.2325,39.9086,72.03,69,15,8.77,few clouds
1158,Mobaye,CF,4.319,21.1786,78.98,69,95,3.76,overcast clouds
1159,Saint Johnsbury,US,44.4192,-72.0151,66.52,60,90,3.44,overcast clouds
1160,Batagay-Alyta,RU,67.8006,130.4114,51.66,57,100,6.55,overcast clouds
1161,Sosnovo-Ozerskoye,RU,52.5249,111.5418,53.58,89,100,5.61,overcast clouds
1162,Bosaso,SO,11.2842,49.1816,93.54,45,95,16.08,overcast clouds
1163,Vila Franca Do Campo,PT,37.7167,-25.4333,68.41,61,5,1.63,clear sky
1164,Ilhabela,BR,-23.7781,-45.3581,69.48,88,98,9.82,overcast clouds
1165,Tazovskiy,RU,67.4667,78.7,42.58,92,100,9.48,overcast clouds
1166,Olga,RU,43.7444,135.2892,56.1,100,100,2.8,light rain
1167,Itaueira,BR,-7.6033,-43.0256,96.46,21,3,4.83,clear sky
1168,Komsomolskiy,UZ,40.4272,71.7189,81.75,29,46,4.61,scattered clouds
1169,Isangel,VU,-19.55,169.2667,72.48,73,84,10.22,broken clouds
1170,Gilgit,PK,35.9221,74.3087,79.16,37,6,0.96,clear sky
1171,Mackay,AU,-21.15,149.2,54.05,53,18,5.37,few clouds
1172,Okha,RU,53.5739,142.9478,43.5,99,100,7.43,moderate rain
1173,Ulsteinvik,NO,62.3432,5.8487,61.16,91,99,3.0,moderate rain
1174,Ospitaletto,IT,45.1333,10.6,79.03,73,61,1.01,broken clouds
1175,Panchgani,IN,17.9167,73.8167,66.31,88,88,7.54,overcast clouds
1176,Garden City,US,42.3256,-83.331,91.09,54,20,1.99,few clouds
1177,Aktash,RU,50.3,87.7333,37.02,98,100,1.01,overcast clouds
1178,Tagusao,PH,9.1924,117.8141,81.55,78,100,10.49,overcast clouds
1179,Olinda,BR,-8.0089,-34.8553,76.73,73,40,14.97,scattered clouds
1180,Naze,JP,28.3667,129.4833,74.98,91,100,5.08,overcast clouds
1181,Pacific Grove,US,36.6177,-121.9166,71.62,46,1,4.0,clear sky
1182,Homestead,US,25.4687,-80.4776,90.01,72,75,11.5,broken clouds
1183,Martapura,ID,-3.4167,114.85,75.29,100,22,0.0,few clouds
1184,Villa Carlos Paz,AR,-31.4241,-64.4978,70.39,58,18,20.0,few clouds
1185,Dingle,PH,10.9995,122.6711,76.42,95,100,1.16,light rain
1186,Tamiahua,MX,21.2667,-97.45,88.68,56,100,10.6,overcast clouds
1187,Atakpame,TG,7.5333,1.1333,84.33,57,74,5.84,broken clouds
1188,Nishihara,JP,26.1842,127.7558,78.85,94,40,5.75,scattered clouds
1189,Harper,LR,4.375,-7.7169,78.12,84,100,1.28,overcast clouds
1190,Sioux Lookout,CA,50.1001,-91.917,61.18,94,90,9.22,light rain
1191,Nemuro,JP,43.3236,145.575,53.24,93,100,16.58,overcast clouds
1192,Ko Samui,TH,9.5357,99.9357,82.83,72,100,17.11,light rain
1193,Price,US,39.5994,-110.8107,72.66,10,1,9.22,clear sky
1194,Vysokogornyy,RU,50.1167,139.15,57.42,98,100,2.33,overcast clouds
1195,Porto Velho,BR,-8.7619,-63.9039,91.45,49,40,2.3,scattered clouds
1196,Baykit,RU,61.67,96.37,39.47,95,66,2.39,broken clouds
1197,Aksha,RU,50.2814,113.2867,57.0,85,100,5.73,light rain
1198,Krasnoselkup,RU,65.7,82.4667,48.96,97,100,10.74,light rain
1199,Kununurra,AU,-15.7667,128.7333,51.78,82,85,0.0,overcast clouds
1200,Kudahuvadhoo,MV,2.6708,72.8944,83.62,74,46,14.67,scattered clouds
1201,Xiongyue,CN,40.1774,122.1228,66.69,84,100,9.08,overcast clouds
1202,Lakes Entrance,AU,-37.8811,147.981,52.18,90,100,22.19,light rain
1203,Katsuura,JP,35.1333,140.3,70.11,79,99,7.0,overcast clouds
1204,Lompoc,US,34.6391,-120.4579,80.85,47,1,16.11,clear sky
1205,Rio Grande,BR,-32.035,-52.0986,57.31,45,53,16.08,broken clouds
1206,Bria,CF,6.5423,21.9863,79.95,53,100,3.06,overcast clouds
1207,Namatanai,PG,-3.6667,152.4333,78.91,82,18,9.46,light rain
1208,Villamontes,BO,-21.25,-63.5,78.06,36,3,4.18,clear sky
1209,Qidong,CN,31.8128,121.6561,78.04,96,92,7.43,overcast clouds
1210,Nelson Bay,AU,-32.7167,152.15,50.77,86,31,12.91,scattered clouds
1211,Lebanon,US,36.2081,-86.2911,84.96,74,40,6.91,scattered clouds
1212,Misasi,TZ,-3.0,33.0833,70.97,46,15,3.58,few clouds
1213,Kikwit,CD,-5.041,18.8162,80.17,40,75,3.49,broken clouds
1214,Dubbo,AU,-32.25,148.6167,35.73,100,35,3.44,scattered clouds
1215,Yokadouma,CM,3.5167,15.05,74.35,89,97,2.55,light rain
1216,Richards Bay,ZA,-28.783,32.0377,63.55,84,0,7.0,clear sky
1217,Timmins,CA,48.4669,-81.3331,70.93,33,14,8.59,few clouds
1218,Dali,CN,25.7,100.1833,59.4,94,100,2.15,overcast clouds
1219,Mana,GF,5.6592,-53.7767,81.3,76,67,8.03,broken clouds
1220,Sibiti,CG,-3.6819,13.3499,76.51,70,89,2.26,overcast clouds
1221,Sibu,MY,2.3,111.8167,73.71,88,40,6.91,scattered clouds
1222,Powell,US,40.1578,-83.0752,84.88,70,75,1.99,broken clouds
1223,Dongsheng,CN,39.8161,109.9776,66.0,59,35,14.54,scattered clouds
1224,Kalivai,GR,35.4512,24.1735,73.02,83,20,6.91,few clouds
1225,Ciudad Bolivar,VE,8.1222,-63.5497,89.19,48,96,7.85,overcast clouds
1226,Kapit,MY,2.0167,112.9333,73.45,99,100,1.39,light rain
1227,Sakakah,SA,29.9697,40.2064,90.97,13,0,11.61,clear sky
1228,Baglung,NP,28.2719,83.5898,70.79,97,100,2.42,overcast clouds
1229,Carballo,ES,43.213,-8.691,81.09,77,2,13.13,clear sky
1230,Gazojak,TM,41.1875,61.4036,87.24,16,2,8.79,clear sky
1231,Waddan,LY,29.1614,16.139,83.93,28,1,14.63,clear sky
1232,Qandala,SO,11.472,49.8728,91.96,54,97,4.38,overcast clouds
1233,Bereda,ES,43.2686,-7.5406,68.88,65,0,9.33,clear sky
1234,Grand-Santi,GF,4.25,-54.3833,80.64,91,98,0.83,overcast clouds
1235,Cambuci,BR,-21.5753,-41.9111,81.84,65,86,4.85,overcast clouds
1236,Alihe,CN,50.5667,123.7167,52.38,84,3,2.44,clear sky
1237,La Macarena,CO,2.1837,-73.7849,84.99,60,70,7.36,broken clouds
1238,San Juan,AR,-31.5375,-68.5364,79.74,40,3,5.95,clear sky
1239,Sandy Bay,AU,-42.913,147.3532,57.06,94,90,4.0,drizzle
1240,Angoram,PG,-4.0625,144.0661,71.85,99,37,2.21,scattered clouds
1241,Bulgan,MN,48.8125,103.5347,51.67,90,97,2.55,light rain
1242,Kisangani,CD,0.5167,25.2,81.72,52,73,1.28,broken clouds
1243,Shimoda,JP,34.6667,138.95,67.15,81,100,1.21,overcast clouds
1244,Changying,CN,52.8733,123.3213,49.69,89,2,3.09,clear sky
1245,Kuvshinovo,RU,57.0295,34.1725,54.52,98,97,6.38,light rain
1246,Aracati,BR,-4.5617,-37.7697,87.31,50,16,8.88,few clouds
1247,Nortelandia,BR,-14.4547,-56.8028,84.56,48,99,5.84,overcast clouds
1248,Kurumkan,RU,54.3,110.3,52.43,86,96,3.53,overcast clouds
1249,Khamanon,IN,30.8186,76.3508,90.79,35,2,9.8,clear sky
1250,Vostok,RU,46.4856,135.8833,55.47,99,100,3.02,light rain
1251,Taoudenni,ML,22.6783,-3.9836,112.44,6,0,13.33,clear sky
1252,Gat,IL,31.61,34.7642,77.4,4,0,7.34,clear sky
1253,Araouane,ML,18.9048,-3.5265,106.52,10,1,0.87,clear sky
1254,Poum,NC,-20.2333,164.0167,74.79,75,100,14.45,overcast clouds
1255,Maracaju,BR,-21.6144,-55.1683,70.7,63,100,6.89,overcast clouds
1256,Aguimes,ES,27.9054,-15.4461,79.43,34,0,23.02,clear sky
1257,Barcelos,PT,41.5388,-8.6151,86.29,47,27,6.04,scattered clouds
1258,Baijiantan,CN,45.6333,85.1833,71.67,47,98,16.87,overcast clouds
1259,Rosario Do Sul,BR,-30.2583,-54.9142,59.65,46,37,8.59,scattered clouds
1260,Merauke,ID,-8.4667,140.3333,78.03,88,61,11.03,broken clouds
1261,Samarai,PG,-10.6167,150.6667,80.15,85,10,10.96,clear sky
1262,Seinajoki,FI,62.7945,22.8282,72.34,33,11,1.99,few clouds
1263,Shahrud,IR,36.4182,54.9763,74.86,43,0,11.41,clear sky
1264,Cotonou,BJ,6.3654,2.4183,80.58,78,20,11.5,light rain
1265,Poya,NC,-21.35,165.15,70.2,85,100,5.26,moderate rain
1266,Qinzhou,CN,21.95,108.6167,80.22,87,58,4.99,broken clouds
1267,Berdigestyakh,RU,62.0989,126.6992,47.79,91,33,6.89,scattered clouds
1268,Balkanabat,TM,39.5108,54.3671,81.52,45,0,10.96,clear sky
1269,Petropavlovsk-Kamchatskiy,RU,53.0452,158.6483,54.19,71,75,11.18,light rain
1270,Havelock,US,34.8791,-76.9013,90.05,80,95,5.01,overcast clouds
1271,Rosetta,EG,31.4044,30.4164,72.99,77,0,9.62,clear sky
1272,Shwebo,MM,22.5667,95.7,79.54,79,90,12.86,overcast clouds
1273,Tobermory,CA,45.2501,-81.6665,57.56,81,100,11.16,overcast clouds
1274,Constitucion,CL,-35.3333,-72.4167,63.82,61,53,9.4,broken clouds
1275,Meulaboh,ID,4.1363,96.1285,77.38,86,92,4.23,overcast clouds
1276,Sao Miguel,BR,-5.4667,-35.3667,86.77,64,10,17.87,clear sky
1277,Najran,SA,17.4924,44.1277,90.25,12,55,5.46,broken clouds
1278,Hammerfest,NO,70.6634,23.6821,61.25,82,75,4.61,light rain
1279,Quatre Cocos,MU,-20.2078,57.7625,75.31,76,88,20.65,overcast clouds
1280,Puerto Escondido,MX,15.85,-97.0667,77.83,69,90,0.0,overcast clouds
1281,Carrollton,US,32.9537,-96.8903,91.76,62,40,3.0,scattered clouds
1282,Russell,US,32.3502,-85.1999,87.96,72,75,4.61,broken clouds
1283,Deputatskiy,RU,69.3,139.9,45.64,55,43,3.51,scattered clouds
1284,Sinnai,IT,39.3042,9.2036,79.25,55,0,6.91,clear sky
1285,Dhing,IN,26.4667,92.4667,78.26,93,100,3.51,overcast clouds
1286,Honningsvag,NO,70.9821,25.9704,51.55,93,75,5.75,moderate rain
1287,Minab,IR,27.1467,57.0801,90.9,68,10,4.85,clear sky
1288,Iberia,US,29.9502,-91.7507,89.98,62,1,14.97,clear sky
1289,Ilabaya,PE,-17.4208,-70.5133,75.88,23,47,9.22,scattered clouds
1290,Tokur,RU,53.1333,132.9,46.04,98,44,3.8,scattered clouds
1291,Prado,BR,-17.3411,-39.2208,76.86,73,47,8.77,scattered clouds
1292,Resavica,RS,44.0408,21.5816,57.07,83,28,4.25,scattered clouds
1293,Marawi,PH,7.9986,124.2928,66.65,96,100,2.86,overcast clouds
1294,Lufilufi,WS,-13.8745,-171.5986,76.78,78,87,20.13,light rain
1295,Enid,US,36.3956,-97.8784,99.14,55,40,11.01,scattered clouds
1296,Provost,CA,52.3501,-110.2683,66.65,53,99,15.41,overcast clouds
1297,Chake Chake,TZ,-5.2459,39.7666,76.93,70,41,15.59,scattered clouds
1298,Moroni,KM,-11.7022,43.2551,75.07,75,12,13.69,few clouds
1299,Antigonish,CA,45.6169,-61.9986,63.14,60,55,1.99,broken clouds
1300,Brignais,FR,45.6736,4.7548,82.8,36,0,11.5,clear sky
1301,Mataruska Banja,RS,43.6901,20.6109,65.98,72,20,0.0,few clouds
1302,Fuling,CN,29.7022,107.3919,72.9,88,96,2.75,overcast clouds
1303,Belford Roxo,BR,-22.7642,-43.3994,74.91,80,90,6.91,overcast clouds
1304,Fonte Boa,BR,-2.4959,-66.2662,88.43,60,87,1.41,overcast clouds
1305,Saint Anthony,US,45.0205,-93.218,84.52,54,1,1.99,clear sky
1306,Yurty,RU,56.0498,97.6348,41.81,65,7,2.1,clear sky
1307,Kantunilkin,MX,21.0917,-87.45,89.44,39,96,6.06,overcast clouds
1308,Mongu,ZM,-15.2484,23.1274,61.41,29,0,6.49,clear sky
1309,Rabo De Peixe,PT,37.8,-25.5833,67.51,83,75,3.44,broken clouds
1310,Rockford,US,42.2711,-89.094,93.54,43,40,5.75,scattered clouds
1311,Victoria Point,AU,-27.5833,153.3,50.92,88,6,5.79,clear sky
1312,Nha Trang,VN,12.25,109.1833,82.4,71,100,5.53,overcast clouds
1313,Totness,SR,5.8833,-56.3167,83.48,65,43,7.56,scattered clouds
1314,Inhambane,MZ,-23.865,35.3833,66.18,94,40,3.44,scattered clouds
1315,Bayir,TR,37.2687,28.2167,68.52,74,34,2.04,scattered clouds
1316,Nadym,RU,65.5333,72.5167,53.06,69,95,9.22,overcast clouds
1317,Husavik,IS,66.0449,-17.3389,39.11,98,100,26.08,overcast clouds
1318,Pokhara,NP,28.2333,83.9833,72.14,94,99,0.49,overcast clouds
1319,Son Tay,VN,21.1378,105.505,82.33,88,100,3.04,overcast clouds
1320,Okhansk,RU,57.7186,55.3877,62.67,69,46,3.96,scattered clouds
1321,Macedo De Cavaleiros,PT,41.5382,-6.9611,80.31,63,50,6.4,light rain
1322,Khasan,RU,42.4308,130.6434,58.3,93,11,4.54,few clouds
1323,Boueni,YT,-12.9025,45.0761,76.98,66,7,13.0,clear sky
1324,Nauta,PE,-4.5061,-73.5757,92.95,45,15,2.46,few clouds
1325,Isoka,ZM,-10.1606,32.6335,57.99,70,0,1.5,clear sky
1326,Kaupanger,NO,61.1845,7.2404,59.49,87,75,13.8,broken clouds
1327,Krasnoborsk,RU,61.5598,45.934,63.23,51,29,3.65,scattered clouds
1328,Telimele,GN,10.9167,-13.3333,80.94,67,100,2.62,overcast clouds
1329,Korem,ET,12.5058,39.5228,64.87,23,98,2.1,overcast clouds
1330,Inuvik,CA,68.3499,-133.7218,59.76,68,75,9.22,broken clouds
1331,Manama,BH,26.2154,50.5832,98.78,47,1,19.57,dust
1332,Kuju,IN,23.7167,85.5,77.74,83,68,2.98,light rain
1333,Shelbyville,US,35.4834,-86.4603,84.25,43,99,8.03,overcast clouds
1334,Makokou,GA,0.5738,12.8642,72.09,97,96,1.5,moderate rain
1335,Tutoia,BR,-2.7619,-42.2744,87.78,81,41,6.29,scattered clouds
1336,Mahibadhoo,MV,3.7833,72.9667,83.41,74,48,14.88,scattered clouds
1337,Cap Malheureux,MU,-19.9842,57.6142,75.69,70,82,13.0,light rain
1338,Teahupoo,PF,-17.8333,-149.2667,71.56,84,100,4.05,moderate rain
1339,Auki,SB,-8.7676,160.7034,77.34,88,48,4.83,scattered clouds
1340,Narsaq,GL,60.9167,-46.05,48.42,82,100,5.44,overcast clouds
1341,Butka,RU,56.7179,63.7866,54.01,65,66,0.87,broken clouds
1342,San Mateo Ixtatan,GT,15.8319,-91.4781,69.35,76,95,2.08,overcast clouds
1343,Singkang,MY,2.1006,102.7994,78.69,89,95,2.68,overcast clouds
1344,Rawlins,US,41.7911,-107.2387,64.62,15,1,14.97,clear sky
1345,Morant Bay,JM,17.8815,-76.4093,86.67,68,55,11.63,broken clouds
1346,Karpogory,RU,64.0019,44.4451,66.94,43,72,4.27,broken clouds
1347,Tomatlan,MX,19.9333,-105.25,93.38,36,4,9.48,clear sky
1348,Yarmouth,US,41.7057,-70.2286,73.45,63,1,9.22,clear sky
1349,Gizo,SB,-8.103,156.8419,81.18,78,13,7.65,few clouds
